,ttime,P,error_P,SV,error_SV,SH,error_SH
35.0,3.5902779887806493,0.0002826553467135522,2.64612212111226e-05,-3.6353064432795267e-06,7.725061017862663e-06,-0.0,0.0
46.0,3.566272393428102,0.0002574702834727323,2.912157753668367e-05,1.2546630084708848e-05,6.200607849699514e-06,-0.0,0.0
57.0,3.5520087901845545,0.00027146136420259443,2.9612336379226797e-05,1.592223361009896e-05,7.507687527039503e-06,-0.0,0.0
68.0,3.536361848031986,0.0005542564827597138,1.9713853557340126e-05,1.851602703007212e-05,1.5370031618369063e-05,-0.0,0.0
79.0,3.5087216622332065,0.0006846891867903767,9.773856857046992e-06,3.698723274104126e-05,1.514900963371532e-05,-0.0,0.0
90.0,3.4875458210918673,0.0006871858664119031,1.0347989704798217e-05,2.539012467200651e-05,1.9744437331445996e-05,-0.0,0.0
101.0,3.4581095248052445,0.0006928289989542005,1.2457653528877553e-05,2.7675108408115054e-05,1.7250745105424855e-05,-0.0,0.0
112.0,3.4257876680534216,0.0007006403946745802,1.0673523726865188e-05,4.17925289800934e-05,1.729302489726263e-05,-0.0,0.0
123.0,3.4047375032831897,0.0007052096095288462,1.0249113398288955e-05,2.5327297741406227e-05,2.0033492792217134e-05,-0.0,0.0
134.0,3.374532388509977,0.0007145414317726945,9.916664573611114e-06,3.9019877327063097e-05,1.788753777597245e-05,-0.0,0.0
145.0,3.345030860276116,0.0007215733619480761,8.82479729580463e-06,2.0464667266738106e-05,1.8498823109422995e-05,-0.0,0.0
156.0,3.310463177620537,0.0007310564622953629,1.0784288460311519e-05,2.2217127765619378e-05,1.8199336150355676e-05,-0.0,0.0
167.0,3.2910552585660255,0.0007338119069479457,9.196218457879848e-06,-3.952735405853174e-06,1.664589505836953e-05,-0.0,0.0
178.0,3.2603769529696023,0.0007360797142276624,1.1030104550881493e-05,9.724617597209499e-06,1.7503715905217952e-05,-0.0,0.0
189.0,3.2410132577936324,0.0007419297594724548,1.1092022854907208e-05,3.655695324058008e-05,1.6503347124654807e-05,-0.0,0.0
200.0,3.221820695862344,0.0007542692889233664,8.877045928785031e-06,5.012792815975057e-05,1.5625878397570647e-05,-0.0,0.0
211.0,3.1972633682391423,0.0007702861120787722,5.682291377461225e-06,3.932120038116296e-05,1.960547116846258e-05,-0.0,0.0
222.0,3.1719334900093266,8.521522450529106e-05,1.9329361156942013e-05,3.2639754849138605e-06,1.5244948001323586e-06,0.0,0.0
233.0,3.1679732629822825,2.6264821476214026e-05,1.2762908408922785e-05,1.996043950261892e-06,1.1216408915338088e-06,0.0,0.0
244.0,3.1628035333488684,2.4762404333862986e-05,1.3439117053349331e-05,2.892077848532881e-06,1.326972748168639e-06,0.0,0.0
255.0,3.160440948269206,1.529417319147846e-05,9.9855668903422e-06,1.6761405010904104e-06,8.870073150223807e-07,0.0,0.0
266.0,3.160969210573754,1.674859303465191e-05,8.664673115432706e-06,1.9956884083601657e-06,1.0006545563149278e-06,0.0,0.0
277.0,3.156531490996292,1.7434719799787912e-05,9.241853795230521e-06,3.431874474980429e-06,1.301663533230058e-06,0.0,0.0
288.0,3.160501673601693,1.6543413988149504e-05,9.970970086052951e-06,6.004875760199163e-07,4.055197149155647e-07,0.0,0.0
299.0,3.1562997641540744,1.3888576551208007e-05,8.495075820779286e-06,5.354189337366559e-07,5.6777404812167e-07,0.0,0.0
310.0,3.1516024716402304,9.028290464891194e-06,7.566691022053079e-06,1.833602383417909e-07,4.854805839220134e-07,0.0,0.0
321.0,3.1578450112677743,1.1755308403591727e-05,8.10850205827523e-06,9.514197442312271e-07,6.821822197666994e-07,0.0,0.0
332.0,3.151725956678649,1.0057332349154725e-05,7.604331184625279e-06,2.411995654335424e-06,1.2983918204113746e-06,0.0,0.0
343.0,3.1593715726211733,8.58174891333906e-06,6.302310667262771e-06,1.3216198200700986e-06,7.700577151065315e-07,0.0,0.0
354.0,3.15690297674938,2.126760220704936e-05,1.1775769927143441e-05,2.6587124912588335e-06,1.1031890314345705e-06,0.0,0.0
365.0,3.1553919632781144,0.00073944934746994,1.7005025907446026e-05,6.20586971408731e-05,1.776056046434036e-05,0.0,0.0
376.0,3.136648693485052,0.0007850442283949303,7.2372275448076035e-06,2.8581494285078267e-05,1.4980611244728488e-05,0.0,0.0
387.0,3.1054854810630044,0.0007944574514665884,4.989732765890231e-06,5.883071097165014e-07,1.9095016830620857e-05,-0.0,0.0
398.0,3.078237278751153,0.000803955929240414,4.621877620517204e-06,8.498147055232897e-06,1.922712362485772e-05,0.0,0.0
409.0,3.0546033064770635,0.000808893651152017,6.397517761561213e-06,3.561265064167884e-05,1.6566512093455474e-05,-0.0,0.0
420.0,3.0257758229175127,0.0007495970780755946,1.9119369308302212e-05,6.771866996213588e-05,1.7379948448510983e-05,-0.0,0.0
431.0,2.9997193494499013,6.605378959563923e-08,2.0379872155704497e-06,-1.331771585336441e-07,2.519610967132689e-07,0.0,0.0
442.0,2.9988227171178456,5.682994813435628e-06,5.492220993747003e-06,3.374060924200665e-07,2.6891083041311076e-07,0.0,0.0
453.0,2.9970907648617024,4.623947745495673e-06,4.8013979587028644e-06,1.1329650733214924e-06,8.124753376956666e-07,0.0,0.0
464.0,2.997528507021654,1.2752447780992003e-05,1.0315917723831233e-05,1.9428307290332234e-06,7.823074594862527e-07,0.0,0.0
475.0,3.000330221757886,9.997709541927567e-06,7.084151339869394e-06,1.3213836674661734e-06,6.169396554834754e-07,0.0,0.0
486.0,2.9983770973830675,1.0525707114986165e-05,8.975746342718353e-06,1.7317958207643208e-06,7.372799693693265e-07,0.0,0.0
497.0,3.001025677532838,1.6581167999583994e-05,8.493203321683559e-06,2.685894911070582e-06,9.071126044464778e-07,0.0,0.0
508.0,2.9939571487530157,1.7256392244904348e-05,1.1013055046133792e-05,1.5430354260696264e-06,1.028081969290256e-06,0.0,0.0
519.0,3.001849958759914,1.723242089621581e-05,9.209277236863323e-06,1.3612885342133677e-06,7.302792342343245e-07,0.0,0.0
530.0,2.9989139377582132,1.4292983042529772e-05,8.468665696121544e-06,2.807149160454491e-06,1.088520093318141e-06,0.0,0.0
541.0,3.0019942471587044,2.4137169165271044e-05,1.1255600096238994e-05,2.8984417543492432e-06,1.1249897529880444e-06,0.0,0.0
552.0,3.0075147348283267,2.393580110774306e-05,1.2179514982517283e-05,1.5749214237497705e-06,8.5350482466696e-07,0.0,0.0
563.0,3.0059558472204033,1.672338081109888e-05,1.0964898316216725e-05,5.106703450214244e-07,5.59594935343724e-07,0.0,0.0
574.0,3.010020331341721,0.0005884361393501071,2.891226032753513e-05,2.332730520584154e-05,1.3056641343250134e-05,-0.0,0.0
585.0,2.9904190621011733,0.0008026688713206048,1.345756410633543e-05,2.257412595257223e-05,1.9324445078877247e-05,-0.0,0.0
596.0,2.957157035241409,0.0008057159464220733,1.3629271524976508e-05,9.687267515485432e-06,1.828427731834007e-05,-0.0,0.0
607.0,2.9337562310478478,0.0008113370143545789,1.4828470452091562e-05,3.922270823208585e-05,1.628070137322952e-05,-0.0,0.0
618.0,2.9028971619516533,0.0008261388111668809,1.3189638702334443e-05,-5.512288106072632e-07,1.606590079184104e-05,-0.0,0.0
629.0,2.8736630666632585,0.0008376340848326038,9.77346694535453e-06,1.4935962880567009e-05,1.4032744562176256e-05,-0.0,0.0
640.0,2.8412800751723473,0.0004673720438746901,3.925908112363438e-05,3.9574846882905875e-05,1.0228134424885834e-05,0.0,0.0
651.0,2.8279131348759323,0.000283040483429138,3.6879790501371336e-05,1.9267515437777767e-05,5.546197861792606e-06,0.0,0.0
662.0,2.8126289783046796,0.000256405275302675,3.462321177282845e-05,8.507666617504117e-06,5.230052702575222e-06,0.0,0.0
673.0,2.802916434339603,0.00027257491053698775,3.841384044404935e-05,1.7441559638799005e-05,6.673895830349434e-06,0.0,0.0
684.0,2.7887704624244356,0.0002446713339695619,3.593214298017118e-05,4.343202944070421e-06,6.4805995212893385e-06,0.0,0.0
695.0,2.77866824778218,0.00025299353059222523,3.6869793367062403e-05,1.646842897385044e-05,5.229635332043796e-06,0.0,0.0
706.0,2.7554737881084947,0.000257888993587372,2.864789340744211e-05,7.721754173007837e-06,6.021033049915302e-06,0.0,0.0
717.0,2.7534263632625158,0.0002515972835288367,3.442486515577338e-05,5.157047769407862e-06,5.724219620279972e-06,0.0,0.0
728.0,2.7350930262653184,0.00023774513315327455,3.424372541044713e-05,7.764013137932032e-06,3.94152053217852e-06,0.0,0.0
739.0,2.730757953902337,0.00023686350173145692,3.313284465203033e-05,1.3996729764957894e-05,3.6971154834580217e-06,0.0,0.0
750.0,2.7151014439766143,0.00021957302014161652,3.2973263034484314e-05,6.229697310956792e-06,3.900891674372476e-06,0.0,0.0
761.0,2.708923940691388,0.0002381555812960049,3.280212860984455e-05,4.975916202991296e-06,3.8265329576561275e-06,0.0,0.0
772.0,2.6953520312170456,0.00020312628961351858,3.155721970566169e-05,1.0607233402318686e-05,3.533992674129462e-06,0.0,0.0
783.0,2.688254456663284,0.0002170017234062627,3.249631629772436e-05,1.41707269475764e-05,3.7807895050080127e-06,0.0,0.0
794.0,2.676191601180336,0.00021621526659949117,3.148163891769845e-05,1.1353567541616035e-05,4.360436045687563e-06,0.0,0.0
805.0,2.6694246444908836,3.9178045335039316e-08,2.1146314478025314e-06,1.6907399563342302e-06,9.958400424284304e-07,0.0,0.0
816.0,2.6634482062648277,7.023492329674266e-06,6.68264728226951e-06,2.5566058989072775e-06,1.2008770721710063e-06,0.0,0.0
827.0,2.663904039830919,1.87901851878673e-05,1.1487708990109841e-05,1.0864799554296826e-06,9.603959166122172e-07,-0.0,0.0
838.0,2.6671296697675384,1.528101648906398e-05,9.825113686959821e-06,3.2165408728172725e-06,9.032482653525743e-07,0.0,0.0
849.0,2.6662798963448666,1.631899324226768e-05,1.0611532563422556e-05,2.643710730889611e-06,1.0484845123828019e-06,0.0,0.0
860.0,2.6694756896630043,2.606945865820378e-05,1.3463429920227082e-05,8.840079733776451e-07,4.6002143055634443e-07,0.0,0.0
871.0,2.6629182719136066,2.5439402112828873e-05,1.0448682396677862e-05,1.0768059777652995e-06,6.167667040692591e-07,0.0,0.0
882.0,2.6719799258957524,2.646563098857664e-05,1.2179328525599558e-05,1.9923642426995805e-06,8.824528747581822e-07,0.0,0.0
893.0,2.669902356448657,2.311808951093881e-05,1.1540248023958555e-05,1.6043154983077382e-06,8.634141040818018e-07,0.0,0.0
904.0,2.6733608209621686,5.479588249327553e-05,1.6993678860057264e-05,6.628549336060674e-08,7.772338791224139e-07,-0.0,0.0
915.0,2.6674754558335003,0.0003034897058625935,4.080137773543622e-05,4.996618272597388e-06,7.743055249699806e-06,-0.0,0.0
926.0,2.6493170716936074,0.00029366125304462087,4.0908951982240436e-05,1.3016874612790896e-05,8.463269769749323e-06,-0.0,0.0
937.0,2.6312556441794936,0.00029215534315742023,3.734756153784175e-05,1.1022197482860489e-05,5.197678480249461e-06,-0.0,0.0
948.0,2.6002294014982494,0.0003041951560672689,3.844647585437086e-05,3.7497591366258185e-06,5.7826533281039545e-06,-0.0,0.0
959.0,2.589868693604966,0.0003036316667274546,3.9733485655356324e-05,1.329909978843593e-05,7.810104689655668e-06,-0.0,0.0
970.0,2.567497660586479,0.0002666183608509878,4.020537208168048e-05,1.0825304665591496e-05,3.7780253262383524e-06,-0.0,0.0
981.0,2.5568444251110356,0.0002576108481250724,4.084366223585111e-05,8.756586006826406e-06,6.023171302882574e-06,-0.0,0.0
992.0,2.547744222904411,0.0002457751697337174,3.787526813712975e-05,5.477007737813718e-06,4.83499791270107e-06,-0.0,0.0
1003.0,2.5351382520109045,0.0009663178173881184,1.0690859433533584e-05,1.1901940309404852e-05,1.8403715455782834e-05,0.0,0.0
1014.0,2.513692413641576,0.0005575337146084197,3.937395946996929e-05,6.072092913470672e-06,7.936436746130453e-06,0.0,0.0
1025.0,2.4973586133653938,0.0005820874075794096,4.132701947468136e-05,6.537249546544598e-06,1.0515269128498746e-05,0.0,0.0
1036.0,2.474097907590495,0.0005542835873880027,3.9249033857709025e-05,1.4461122354749314e-05,1.0842289392769204e-05,0.0,0.0
1047.0,2.458479899248416,0.0005738126919410686,4.120758814946227e-05,8.946750222786974e-06,1.1017142876877047e-05,0.0,0.0
1058.0,2.4351388380923606,0.0005496489406924078,5.05940724125557e-05,1.5214540073389744e-05,8.523385945455898e-06,0.0,0.0
1069.0,2.420446050485113,0.0005727361768685038,4.5635161565774064e-05,1.4236811980223922e-05,9.186025734477402e-06,0.0,0.0
1080.0,2.3968086344433885,0.0005417938323425931,4.568026473942743e-05,1.868506259532675e-05,1.0672446228562534e-05,0.0,0.0
1091.0,2.3832150046455998,0.0005597992212439594,4.0360486175271584e-05,1.2656284793504631e-05,1.0047341219890234e-05,0.0,0.0
1102.0,2.3591129928671464,0.0005359169222528019,4.9979380793821006e-05,7.810462416432292e-06,7.762435747054367e-06,0.0,0.0
1113.0,2.3467518486893835,0.0008692108817986389,3.514202880265918e-05,1.3655356824319655e-05,1.552171487769034e-05,0.0,0.0
1124.0,2.3238247953720426,0.0003276313279497698,3.902784330311275e-05,4.19780450369342e-06,5.555251272356242e-06,-0.0,0.0
1135.0,2.310733972645419,0.00029428324255537677,4.127863884883422e-05,5.042547124383524e-06,3.847428125948683e-06,-0.0,0.0
1146.0,2.2941860901634485,0.00027634790834846933,4.019907317574331e-05,1.1445426501776289e-05,8.142323430243705e-06,-0.0,0.0
1157.0,2.2791347546819614,0.00026699858412897984,3.972407583737101e-05,1.122644886969045e-06,3.646625782799553e-06,-0.0,0.0
1168.0,2.263252419492758,0.0002729473082093541,4.589350974780033e-05,1.2184726446416072e-08,4.70568316261154e-06,-0.0,0.0
1179.0,2.249644019940119,0.000252632468202289,4.5586211520188206e-05,5.547753029539046e-06,4.089224170580935e-06,-0.0,0.0
1190.0,2.234254908170375,0.0002613264787556511,3.727022822735656e-05,2.0823879757416585e-06,4.590923881355628e-06,-0.0,0.0
1201.0,2.211838116041132,0.0002667347056997851,3.997317346087807e-05,9.984071772230184e-06,3.9410984501735015e-06,-0.0,0.0
1212.0,2.200842112970349,0.0008037085228410476,4.110252329428959e-05,1.1078837602563327e-05,9.666190771088756e-06,-0.0,0.0
1223.0,2.1813508880474366,0.0006706245647981738,5.685343584850926e-05,2.0996252918129785e-05,1.1254447352383157e-05,0.0,0.0
1234.0,2.165282998940598,0.0006751573190977187,4.553544473944984e-05,3.966175640779046e-05,1.3413767694535348e-05,0.0,0.0
1245.0,2.1421368899994757,0.0006469393806141744,5.342977169360332e-05,1.3501002975760505e-05,6.404155780597245e-06,0.0,0.0
1256.0,2.127005567087476,0.0006726431809648824,4.91696720425015e-05,1.404862023762172e-05,8.734096881356309e-06,0.0,0.0
1267.0,2.1036935243696813,0.0006402170668436742,4.93488026811312e-05,2.177112914989395e-05,1.021640519867429e-05,0.0,0.0
1278.0,2.0896454519746253,0.0006572410763746374,5.6067889758445304e-05,2.6457696830832858e-05,1.192699720333486e-05,0.0,0.0
1289.0,2.0661603610709456,0.0006333584469489434,5.663554594784996e-05,3.0651164794588716e-05,1.235308814731141e-05,0.0,0.0
1300.0,2.053215256588847,0.0006457392112511602,4.689112332741766e-05,8.38983699941415e-06,8.678375580691107e-06,0.0,0.0
1311.0,2.0293352873168455,0.0006287311003269208,4.850440296350561e-05,1.0497984178817317e-05,7.616932199065124e-06,0.0,0.0
1322.0,2.0173886012301985,0.0009529010849825941,4.316992262273866e-05,7.51231300773328e-05,1.6269065929546097e-05,0.0,0.0
1333.0,1.995518604589323,0.00034477671097167973,4.9079273141071964e-05,-1.0805403656739172e-05,6.2086325672034194e-06,-0.0,0.0
1344.0,1.9827039255283692,0.0002765494151357472,4.1357438482043464e-05,9.238213157036237e-06,3.946502739865534e-06,-0.0,0.0
1355.0,1.9679409334590647,0.0002674953390419367,4.107797485401265e-05,2.779522126794956e-06,3.852325196327358e-06,-0.0,0.0
1366.0,1.9544366285071286,0.00025325355471205434,4.683180284066762e-05,-4.8273190883523345e-06,3.623479427639849e-06,-0.0,0.0
1377.0,1.9398398029971093,0.00025812268176315516,4.432125588835655e-05,-2.9519132566394577e-06,3.5712194832932016e-06,-0.0,0.0
1388.0,1.9203518197098577,0.0002660384060802393,4.7018481567387424e-05,2.405447183213036e-06,4.669749052869272e-06,-0.0,0.0
1399.0,1.9024752987671696,0.00022237029160770215,4.234776542398508e-05,-1.5787255263749197e-06,1.9218674669262154e-06,-0.0,0.0
1410.0,1.8929598494775013,0.00022883033086187432,4.944994327029983e-05,-4.0374876167015696e-07,3.7271216209352264e-06,-0.0,0.0
1421.0,1.8802981198137836,0.00021170621248989038,4.0499224182587316e-05,-8.042214528098496e-07,2.7042728774987977e-06,-0.0,0.0
1432.0,1.868388174086989,0.0007362392527399144,5.656419519400646e-05,-5.10045302754324e-06,1.0319697430131376e-05,-0.0,0.0
1443.0,1.8550612172693404,0.00043737799100109897,5.75380747482205e-05,1.1311165052991074e-05,5.355777860483417e-06,0.0,0.0
1454.0,1.8363915529364854,0.00038855552471091714,5.824908095514648e-05,1.4056173902447407e-05,3.955578683471432e-06,0.0,0.0
1465.0,1.8297738165069009,0.00038749130653303215,5.8558547322770484e-05,2.665275420388719e-05,7.720398465121537e-06,0.0,0.0
1476.0,1.8143034237127755,0.0003515905836314785,5.560070809753052e-05,1.3894758581173687e-05,4.796936708370487e-06,0.0,0.0
1487.0,1.8060124761264633,0.0003602971355816669,5.024768036377029e-05,1.3370498623310107e-05,6.427232864957813e-06,0.0,0.0
1498.0,1.792815186872554,0.00032207712576642043,6.0193553534298683e-05,9.672947266125584e-06,3.850973840524952e-06,0.0,0.0
1509.0,1.7818946815664456,0.00032887677581329954,4.948838275902869e-05,1.3044904512145297e-05,4.336885422544074e-06,0.0,0.0
1520.0,1.7660269905805561,0.0003295382583994831,5.397392830822488e-05,-1.0744763864916638e-06,4.606903986603558e-06,0.0,0.0
1531.0,1.7622758117637913,0.0003127500116146656,5.283171862566432e-05,1.3202437649486553e-05,4.938431042390967e-06,0.0,0.0
1542.0,1.7473061786711637,0.0002894491992669242,5.1252655942856146e-05,9.371283591696114e-06,3.82448886561427e-06,0.0,0.0
1553.0,1.7430601834919766,0.00029181751922549635,4.711929338014962e-05,8.651958048193921e-06,5.86576135837014e-06,0.0,0.0
1564.0,1.7303866581737033,0.0002524791552846974,5.304696148768543e-05,3.098505996845737e-06,2.235344216684823e-06,0.0,0.0
1575.0,1.7248912665325231,0.0002515353242436948,4.426425333772104e-05,3.951938703819002e-06,2.383911510709769e-06,0.0,0.0
1586.0,1.7096774369737195,0.00023768651856861562,4.609015657438121e-05,4.700114744980177e-06,2.1708297888033075e-06,0.0,0.0
1597.0,1.7067787054591979,0.00020981292876716173,4.504805959687824e-05,4.065359569372046e-06,2.523189030953529e-06,0.0,0.0
1608.0,1.6955327758661494,0.00021530332807422623,4.7481158343329986e-05,5.389588184449294e-06,2.3088032516342967e-06,0.0,0.0
1619.0,1.6944539161889527,0.00019886411051407991,4.514681385736637e-05,1.6659163517850387e-06,1.4109036480221353e-06,0.0,0.0
1630.0,1.6830813490010155,0.00019179099526977554,4.1017922218603035e-05,8.57237680635803e-06,3.7565997686489972e-06,0.0,0.0
1641.0,1.6818854989878251,0.0008020880519623243,6.29633331699594e-05,-1.8324207529621684e-05,8.744457971501057e-06,-0.0,0.0
1652.0,1.6717910270968217,0.00015408702514879382,3.8800135941762656e-05,-1.0484612928118622e-06,1.458072198135486e-06,-0.0,0.0
1663.0,1.6490501394123709,0.00014431274795936668,3.776741073420052e-05,2.3560699297591442e-06,2.0013696039498585e-06,-0.0,0.0
1674.0,1.6438735031045353,0.00012431576805027806,3.158623349977718e-05,-2.1870969586672527e-06,1.8012775163172217e-06,-0.0,0.0
1685.0,1.6333902497985862,0.00013756316293081023,3.70853020246452e-05,7.3955735421072e-07,1.1567860919813558e-06,-0.0,0.0
1696.0,1.6205616756348922,0.0001343649722629935,3.966815287123626e-05,-3.6024244777654376e-06,1.983428449921284e-06,-0.0,0.0
1707.0,1.6097013241037672,9.89434088320334e-05,3.176400904173251e-05,-4.162641670190114e-06,1.6557978376380144e-06,-0.0,0.0
1718.0,1.6037433732540356,8.749158305484158e-05,3.397442234591851e-05,-5.709202820010295e-06,2.550701427517624e-06,-0.0,0.0
1729.0,1.5961001451854298,7.429154905212729e-05,2.8100257834503624e-05,-1.602868618455011e-06,1.439880131206519e-06,-0.0,0.0
1740.0,1.5836185963425444,8.120742552027482e-05,2.993635873168187e-05,-3.1691058101668286e-06,2.022594401825195e-06,-0.0,0.0
1751.0,1.5744845664544473,5.506685713617232e-05,2.6765412216464642e-05,-1.464382044561862e-07,8.219278058997325e-07,-0.0,0.0
1762.0,1.5671368869340843,5.594901630698586e-05,2.64203763975505e-05,2.065328992355102e-06,1.1563530815712882e-06,-0.0,0.0
1773.0,1.556377099126833,5.4674673353412496e-05,2.706285155155375e-05,-2.4296431005710163e-06,1.2525688683046685e-06,-0.0,0.0
1784.0,1.5502033286979524,3.547626147134112e-05,2.184542695781208e-05,-6.132860860975965e-07,4.3015237350117404e-07,-0.0,0.0
1795.0,1.5466906641104954,2.8819190577351673e-05,2.1507874849052657e-05,-1.1877050682341166e-06,4.90280777025742e-07,-0.0,0.0
1806.0,1.5309470360243216,2.956814409397064e-05,2.177656614045502e-05,-1.3984976750528567e-06,8.251658173865066e-07,-0.0,0.0
1817.0,1.5327914101118885,2.3334035669649716e-05,1.3558584386090422e-05,-1.0449090064543762e-06,7.076284686330598e-07,-0.0,0.0
1828.0,1.5280936265137681,4.5416988839451904e-05,2.1189093687926235e-05,-7.583583559507585e-07,4.858079869125164e-07,-0.0,0.0
1839.0,1.5243407466950445,0.0009409140126872794,7.711970501908543e-05,-7.30412756825733e-06,1.181182791754953e-05,0.0,0.0
1850.0,1.5086248503490791,0.0006634915883043273,6.070698143440306e-05,7.183902010425694e-06,5.620814844873897e-06,0.0,0.0
1861.0,1.4935497493522591,0.0006773633806882274,7.212829488096635e-05,-7.071000035086659e-06,7.441258165074745e-06,0.0,0.0
1872.0,1.4742295869704043,0.0006723913252314183,7.054782715773528e-05,5.885560541194419e-06,8.933488204961984e-06,0.0,0.0
1883.0,1.4630096518585154,0.0006614000381815983,7.66166794752977e-05,1.070794089072583e-05,4.847491819594794e-06,0.0,0.0
1894.0,1.4436573811468951,0.0006317477626904223,6.798809823662883e-05,6.401323467882962e-06,7.858494479924675e-06,0.0,0.0
1905.0,1.4340023747845563,0.0006195651206567836,7.303046545704415e-05,2.249516136265166e-06,6.6044120361783765e-06,0.0,0.0
1916.0,1.4145655927219534,0.0006106568752150716,7.70439210053097e-05,1.584782970864802e-05,7.188776035976943e-06,0.0,0.0
1927.0,1.4065430620580277,0.0005865959660108326,5.803687492227171e-05,1.7365044149832164e-05,6.889314387803301e-06,0.0,0.0
1938.0,1.3881927689365363,0.0005640321845290454,7.98354402618632e-05,5.214957769649669e-06,6.365734758115576e-06,0.0,0.0
1949.0,1.3805142158342902,0.0005379877514088241,7.043286768407764e-05,1.9519417851903883e-05,5.150292133082549e-06,0.0,0.0
1960.0,1.3644827003729494,0.0005069561729159887,6.795795083804251e-05,2.707566723552848e-05,8.0826222475459e-06,0.0,0.0
1971.0,1.3562614381170701,0.00048594273700725146,7.727279287372105e-05,1.6590003406785906e-05,6.106347805501639e-06,0.0,0.0
1982.0,1.3425315228146106,0.00044742239582912246,7.126344225995427e-05,1.237278960640568e-05,6.043920114502752e-06,0.0,0.0
1993.0,1.3301179360014577,0.0004107900511362035,7.005473876049279e-05,1.0680020665766647e-05,3.380438969332406e-06,0.0,0.0
2004.0,1.3182905767106767,0.00038616282946997,6.908440157288765e-05,1.5694397846384783e-05,4.495874652422098e-06,0.0,0.0
2015.0,1.3121798894345673,0.0004417370428950246,6.906060865406951e-05,9.645500756100902e-06,3.168863443253981e-06,0.0,0.0
2026.0,1.3001938573617933,0.0013835067563191814,6.737330879351447e-05,1.9401538436179296e-06,1.5393832205071416e-05,-0.0,0.0
2037.0,1.2841374230013696,0.0008227979785334781,7.4190472826541e-05,-2.6868102386172824e-06,7.409613307507367e-06,-0.0,0.0
2048.0,1.2632358808858222,0.0008243998347130906,8.7614872024946e-05,3.3131947254773045e-06,6.757661092473724e-06,-0.0,0.0
2059.0,1.2450861514201474,0.0007947432972406585,8.1678274601499e-05,-2.329580496831408e-06,6.112233737993953e-06,-0.0,0.0
2070.0,1.224294720649544,0.0008070803925092224,8.945138332078471e-05,2.118262719448943e-06,8.547423652739083e-06,-0.0,0.0
2081.0,1.2072656434733833,0.0007619572562060577,9.158944833739913e-05,1.327106278292916e-05,6.978483130708978e-06,-0.0,0.0
2092.0,1.175335741336233,0.0011505492622174785,8.305319277279376e-05,1.645235487496743e-06,8.882061056564073e-06,-0.0,0.0
2103.0,1.163718809671678,0.001356300111410193,8.412271246060614e-05,2.3947588718766655e-05,1.4615746912504173e-05,0.0,0.0
2114.0,1.1491433536326243,0.001199061444278636,8.873935490463119e-05,1.679422301584529e-05,1.1098065394996238e-05,0.0,0.0
2125.0,1.1263045488900973,0.0011490497176337743,9.60670272127474e-05,2.7581786811970603e-06,1.2316720771788612e-05,0.0,0.0
2136.0,1.1139009726955749,0.001150636934876643,9.889681161771243e-05,-1.8046417287693657e-05,8.649889674229735e-06,0.0,0.0
2147.0,1.0904249777560762,0.001205904066537853,9.432863570942038e-05,9.522200726980357e-07,6.987435986890383e-06,0.0,0.0
2158.0,1.0777748798852302,0.0021828003632183017,4.414389855015566e-05,1.695554179257477e-05,1.9351490439264526e-05,0.0,0.0
2169.0,1.052881595458746,0.0022551221824650314,3.700005523270648e-05,0.00010216707555406002,2.4336970805813253e-05,0.0,0.0
2180.0,1.0189366295779778,0.0022016526298003617,6.376684299610228e-05,3.253433309500473e-05,1.848884017546383e-05,-0.0,0.0
2191.0,1.0026230857352916,0.001505792609967597,0.00010766231226398171,3.056475097462745e-07,8.287044447954478e-06,-0.0,0.0
2202.0,0.9785520810760725,0.001502429108659892,0.0001017050191089997,5.992548220408095e-06,4.6996490195142e-06,-0.0,0.0
2213.0,0.9506555248977885,0.0015736382391707336,0.0001165482018889337,8.816863691756449e-06,1.0835106365022886e-05,-0.0,0.0
2224.0,0.921209244225277,0.0015046836358837792,0.00010871351598696277,-2.037600057076953e-06,5.15499687064329e-06,-0.0,0.0
2235.0,0.904444956807692,0.0015397655784912536,0.00010053906101720195,8.998926706434286e-06,8.6627851040893e-06,-0.0,0.0
2246.0,0.8774065901516883,0.0014591989890324756,0.00011861571648728092,1.6598629528730573e-05,1.1272228863731772e-05,-0.0,0.0
2257.0,0.8595860170924222,0.001532134436228517,0.00012423569860251765,-7.296615701833993e-06,9.579067161103624e-06,-0.0,0.0
2268.0,0.8408217553157796,0.002878813656991535,4.500629208389067e-05,1.0143386228906167e-05,1.5544004864304643e-05,0.0,0.0
2279.0,0.8208738886124057,0.002427534310938248,9.965951680926723e-05,1.5526228858781044e-05,1.0596806149042586e-05,0.0,0.0
2290.0,0.7932728933672012,0.0024443890032444177,0.0001123897258754709,6.7060300103594436e-06,9.605378551251608e-06,0.0,0.0
2301.0,0.7617857885783978,0.0024245725301801175,0.00012005853157620011,1.2084201389984138e-05,1.0601618632665637e-05,0.0,0.0
2312.0,0.7456230862146598,0.0024789178002891234,0.00014102720574034658,6.417810855637651e-06,1.0608757401926539e-05,0.0,0.0
2323.0,0.7250850867509372,0.002404609723359163,0.00014290257791231664,8.208860207537451e-07,6.706668515522815e-06,0.0,0.0
2334.0,0.7060546704292201,0.0025189814516611633,0.00013238083218210556,2.1182842312525472e-05,1.1386630858986894e-05,0.0,0.0
2345.0,0.6784351066593184,0.0035819601756099857,3.114252915084127e-05,8.773825462056336e-06,1.08104020716524e-05,0.0,0.0
2356.0,0.6622381877940517,0.0010049926861817407,0.00014717643593262407,1.0383450909091482e-07,1.9042812190680732e-06,-0.0,0.0
2367.0,0.6446700173248698,0.0008935972661423451,0.0001579405112639611,-1.3299769146122217e-06,2.7449435844910965e-06,-0.0,0.0
2378.0,0.6288952030005245,0.0007945271318734805,0.00014572852319388876,-3.4131899343229172e-06,4.910949498530747e-06,-0.0,0.0
2389.0,0.6185294680946307,0.000663509424983772,0.00012505565160013198,-4.973476899000412e-07,1.9424446579290574e-06,-0.0,0.0
2400.0,0.6043893826455788,0.0005744051924163457,0.00011670288513833174,-1.3955553971321067e-07,1.9690350831203113e-06,-0.0,0.0
2411.0,0.588590283235378,0.0005343168182390503,0.00013132940466440725,-2.5491376781118583e-06,2.8516428058779675e-06,-0.0,0.0
2422.0,0.5760896048402332,0.0003812362290156691,0.00011088292659752565,-6.986465914004019e-06,3.5263074310024513e-06,-0.0,0.0
2433.0,0.569726259830677,0.00028780945141654654,9.267784772985198e-05,-7.1057733483898944e-06,3.637587519521023e-06,-0.0,0.0
2444.0,0.5624209507941378,0.00019430444743590545,7.152697533434067e-05,-6.672429324923568e-06,3.7007118031037557e-06,-0.0,0.0
2455.0,0.5505035556874908,0.00017323976606873232,7.290597973127315e-05,-2.34582214295543e-06,1.759545683813318e-06,-0.0,0.0
2466.0,0.5416895625124594,7.590244989033493e-05,6.313776475795742e-05,5.232033262539079e-06,2.925537656761427e-06,-0.0,0.0
2477.0,0.54280505088447,3.815900856420413e-05,3.943750145018771e-05,-1.5735212950372365e-06,9.609211519446797e-07,-0.0,0.0
2488.0,0.5402157236504602,0.0029924419794480376,0.00018199136475830258,-2.4766883416807886e-05,2.2945200526996095e-05,-0.0,0.0
2499.0,0.5307595374637901,0.0033310639991064985,0.0001771668456186248,1.5725946349037436e-05,1.7330509885212646e-05,0.0,0.0
2510.0,0.5042388094884571,0.003326106327167016,0.00020273598483264618,1.9407297395819365e-05,2.0521704275979453e-05,0.0,0.0
2521.0,0.48539789091676316,0.003353454627403866,0.00021350614908037177,-1.0431510881393575e-05,1.988122175497104e-05,0.0,0.0
2532.0,0.4608101452862177,0.0032830818717354067,0.00021154602484956447,1.8635384971108916e-05,1.5036039940182722e-05,0.0,0.0
2543.0,0.4397252320005364,0.003389431689721618,0.00022994495218705085,2.618752600257596e-05,1.6379648630190794e-05,0.0,0.0
2554.0,0.40848511902865653,0.0032200772412899524,0.0002429270039307341,-1.306126203541844e-07,5.870065656758692e-06,0.0,0.0
2565.0,0.40090042842767054,0.003157494671607041,0.0002409030495354865,-4.519316545189384e-06,1.3006710640979041e-05,0.0,0.0
2576.0,0.3730745811594833,0.0028618450495634666,0.0002742648206472849,-3.252848526853735e-06,9.705750614846491e-06,0.0,0.0
2587.0,0.3672293439552196,0.0025973436736783473,0.00026840755259375013,-7.002322844804502e-06,6.630244972027335e-06,0.0,0.0
2598.0,0.3433714319405839,0.0022193294795024463,0.00029757066006213113,2.2248668665618394e-06,8.933102298872631e-06,0.0,0.0
2609.0,0.3397766480137085,0.0019454582337275887,0.00029059546766935793,2.0041977890375114e-06,5.470293685706607e-06,0.0,0.0
2620.0,0.33120649208647174,0.006368606865625665,0.0002071750537844423,-3.7356444111662918e-06,1.6051684117741395e-05,0.0,0.0
2631.0,0.3126735332165339,0.00803383789830767,3.14459212141467e-05,1.6205125056717455e-05,3.14328639046127e-05,-0.0,0.0
2642.0,0.28210543912446423,0.008765642430442564,3.329425879503011e-05,-1.1397544988747581e-05,2.9108865427167243e-05,0.0,0.0
2653.0,0.25558728431549316,0.009288225087764522,3.424314096617331e-05,4.411391538606103e-06,2.4357778388118586e-05,-0.0,0.0
2664.0,0.22223276519226992,0.01080994242390513,4.41232297222958e-05,4.578734888742989e-05,5.2571423170102436e-05,0.0,0.0
2675.0,0.20263377343228184,0.01247802885561348,4.1735864238614456e-05,9.860126188958023e-06,3.657702893805465e-05,-0.0,0.0
2686.0,0.1731771858015841,0.009582756741295459,0.0005948416736056404,1.4056840539992174e-05,2.5386778766738315e-05,-0.0,0.0
2697.0,0.1532204264941112,0.006519654396612945,0.000663906105866187,-2.5803533179127918e-06,1.8844548283340876e-05,-0.0,0.0
2708.0,0.135431579045095,0.003661664837280724,0.000619574681556186,-6.989550988599468e-06,1.716623104983239e-05,-0.0,0.0
2719.0,0.11963124500603296,0.002564591251506798,0.0005743628035344003,2.855525951241133e-05,1.9365070707678765e-05,-0.0,0.0
2730.0,0.11170262490515954,7.793299905926384e-05,0.00013189384989837052,-1.2465742787229985e-06,2.7041622841398293e-06,-0.0,0.0
2741.0,0.11381759766437675,0.0004136086366220046,0.00021459358690096173,-1.526979778042446e-07,1.1865505759614887e-06,0.0,0.0
2752.0,0.12239408679754092,0.002574542591383795,0.0006341986940650787,5.759959656254717e-06,8.80842406053617e-06,0.0,0.0
2763.0,0.13542182211096432,0.004522703730907564,0.0006887539691914827,-6.305520966191377e-06,3.072979758849001e-05,0.0,0.0
2774.0,0.13931372651071425,0.006689768074843706,0.0007080120799384994,-0.00010394708363215413,5.147484460018154e-05,0.0,0.0
2785.0,0.16341558511287713,0.007418191963895889,0.0006416169993413233,-1.50192376746461e-05,2.2036442528955073e-05,0.0,0.0
2796.0,0.19012584284143053,0.007479414799468046,0.0005403474965621128,1.2074250620889615e-05,2.3865140014619462e-05,0.0,0.0
2807.0,0.21170003129217954,0.0075465618625380135,0.0005010988637702869,1.0375328826519366e-05,2.1054231776184605e-05,0.0,0.0
2818.0,0.23858060715637008,0.0014854459690331794,0.0003452194117453136,-5.2145624863878035e-06,6.43828216373173e-06,0.0,0.0
2829.0,0.24389456372707613,0.0068422346944045686,0.0003788081966668734,-3.137160565319992e-05,2.708119004236155e-05,-0.0,0.0
2840.0,0.21703810444639024,0.006555089038885492,0.0004427705948623814,1.4980553816747542e-05,2.28205165644425e-05,-0.0,0.0
2851.0,0.20362694707873955,0.006538917307595472,0.0005280298102863304,1.2861440481962008e-05,2.501743012243095e-05,-0.0,0.0
2862.0,0.1810147659007111,0.005153885557730643,0.0005190994414323497,-4.148046463933604e-06,1.174670870567651e-05,-0.0,0.0
2873.0,0.16768114934214765,0.003964289579434765,0.0006790784495490403,-3.8057717297669685e-07,7.213965164776425e-06,-0.0,0.0
2884.0,0.16493789322304714,0.0016026243760856815,0.0004013216156634413,-5.451400606963851e-07,4.359048502236527e-06,-0.0,0.0
2895.0,0.15835336191325022,0.00045925698731942143,0.00022803396688454196,3.0876463748597e-07,2.636141851823021e-06,-0.0,0.0
2906.0,0.15584919713491246,2.4721461899422705e-05,7.740675306378982e-05,9.119488951113231e-07,1.5109427240463617e-06,0.0,0.0
2917.0,0.15945211426777608,0.0007182178832477169,0.00027038167572910644,7.316260360484985e-06,4.110748693466469e-06,0.0,0.0
2928.0,0.16771973091382994,0.012171882805139455,0.0005458903829284586,-8.262364791898234e-05,6.488130240143215e-05,0.0,0.0
2939.0,0.1786371406448501,0.013162922301970595,0.00017585474672872326,-0.00018109502820996698,0.00010498461887402326,-0.0,0.0
2950.0,0.2122697165691969,0.011543756237001325,0.00011540379900470087,-2.3135810898579754e-05,5.3450856928453345e-05,-0.0,0.0
2961.0,0.2365898961841164,0.01003142933309018,0.0001918991098770201,1.107408797064219e-05,6.603644104127063e-05,-0.0,0.0
2972.0,0.27088655224629393,0.009156702094969367,0.00010232245403430532,7.2133000082149965e-06,5.807439709697083e-05,-0.0,0.0
2983.0,0.28460592593702294,0.008283641624933231,8.527425276032311e-05,9.727420605747213e-07,1.3940071269896813e-05,-0.0,0.0
2994.0,0.321835890312302,0.007605717402966359,8.049695891679715e-05,1.106973324640822e-05,3.06232310220211e-05,-0.0,0.0
3005.0,0.34790463216442036,0.006949688531375687,7.088237909309905e-05,-3.306655006328851e-05,2.6763685247038082e-05,-0.0,0.0
3016.0,0.3814867637851964,0.006496110662355497,5.046700429128603e-05,-2.0746968474774688e-05,3.033411592462692e-05,-0.0,0.0
3027.0,0.4057889928231101,0.005946351059418583,5.912018958629495e-05,-1.9783370487207336e-05,2.823271725265672e-05,-0.0,0.0
3038.0,0.4326724795317284,0.0056686996110910225,5.784656326871775e-05,-2.9693362678154092e-05,2.3851308376743756e-05,-0.0,0.0
3049.0,0.45849282964319155,0.005248639785969772,5.328682946937561e-05,-3.388389129418625e-05,2.758498112751501e-05,-0.0,0.0
3060.0,0.4915507036152924,0.004637084100038902,0.00012057300613366539,6.7899755040744e-05,3.0201420976558793e-05,-0.0,0.0
3071.0,0.5156511123049993,0.002268911096471627,0.0001864063833889025,-5.59956725302453e-05,1.945747832315228e-05,-0.0,0.0
3082.0,0.5397285120349498,0.0022054001076242135,0.00023906540869072246,-1.9321288384126743e-05,1.2254687007534594e-05,-0.0,0.0
3093.0,0.557307570019621,0.0023162848248199685,0.00019837098524992812,-2.415897122857138e-07,3.729975326914339e-06,-0.0,0.0
3104.0,0.5826220978830315,0.002414436096865732,0.00021274598669632956,2.1339287327670307e-06,7.0741056817408645e-06,-0.0,0.0
3115.0,0.6069629553222933,0.0024559094777076617,0.0001770349775065989,-2.754728140814836e-07,4.1453449619023195e-06,-0.0,0.0
3126.0,0.633775945631162,0.0024856128483199047,0.0001850476850869082,-2.2523944518426725e-06,8.891163395518429e-06,-0.0,0.0
3137.0,0.6547156219328691,0.0025275270414342175,0.0001577765398900081,-3.5100052918849757e-07,1.3546299568801992e-05,-0.0,0.0
3148.0,0.6808831791008728,0.0024260147958738406,0.00015780306466431175,3.7654811688955566e-07,4.256531850169185e-06,-0.0,0.0
3159.0,0.7016308773862536,0.002480724105592418,0.0001356089743878462,1.626807551597844e-06,5.1326266753513155e-06,-0.0,0.0
3170.0,0.7284583418240241,0.0024111916893207706,0.0001358948130055645,-9.568599421053325e-06,1.2302359306884493e-05,-0.0,0.0
3181.0,0.7537858406814326,0.0029027103573693387,9.921933644521972e-05,2.9546703784081328e-05,1.799371629574893e-05,0.0,0.0
3192.0,0.769458779486171,0.00043328488561016054,9.311140269504208e-05,9.59546387952078e-07,1.0613180112953203e-06,0.0,0.0
3203.0,0.7812906919400059,0.0004915104616775312,0.00010095323142545833,-1.7923934671133665e-07,1.6546659160201008e-06,0.0,0.0
3214.0,0.7881792854507662,0.0006123832196103303,8.884371772208397e-05,2.932815363515932e-06,3.879237365827388e-06,0.0,0.0
3225.0,0.7896047447598682,0.0005175588347065682,9.75406878556844e-05,-3.85846880358498e-07,1.5682928780201974e-06,0.0,0.0
3236.0,0.8013466516542502,0.0007901242412232119,0.00010660099102904744,-1.0968255789677913e-06,2.5246150294193704e-06,0.0,0.0
3247.0,0.816252912046675,0.0007205675483800008,0.00011230895464484956,-2.5204774165193447e-07,1.7586417100739107e-06,0.0,0.0
3258.0,0.8285271598237776,0.0007341437864576056,0.0001222340571365645,2.014773896755444e-06,2.1074099966302478e-06,0.0,0.0
3269.0,0.8390044987548013,0.0008499424755170694,0.00012195280205865113,-1.1280083525732825e-06,2.6911427017260065e-06,0.0,0.0
3280.0,0.8549161635962156,0.0009096865287413648,0.000114953373457748,-2.4140349610750723e-07,1.3913333318906647e-06,0.0,0.0
3291.0,0.8649437139889715,0.0009997401506191559,0.00011105600916270918,1.0436928550198077e-06,2.275840996740851e-06,0.0,0.0
3302.0,0.8831957240960616,9.013386031754926e-07,1.0212047303537091e-05,1.607848438299593e-08,8.812790495999136e-08,-0.0,0.0
3313.0,0.8734239062276986,0.00222109720942717,0.0001092011930694177,2.7603425234895015e-06,5.958977623698139e-06,-0.0,0.0
3324.0,0.8506760821402569,0.0023119259551484714,0.00011112412873556725,-8.632562614863714e-06,9.397511297088969e-06,-0.0,0.0
3335.0,0.8179100658419118,0.0023092324848564124,0.00012249826133669837,2.906413027665614e-06,9.266734622891199e-06,-0.0,0.0
3346.0,0.7974949306977651,0.002420293139935597,0.00011611359831082061,8.477667638788975e-07,4.404474438976727e-06,-0.0,0.0
3357.0,0.7751830265286018,0.002391545916735795,0.00010442805825883238,-2.119857689470649e-06,6.76325407134973e-06,-0.0,0.0
3368.0,0.7530759039897648,0.002404211555431735,0.000133470525359575,1.5321567183017263e-06,5.146495343573863e-06,-0.0,0.0
3379.0,0.7269882433092736,0.0024676021178897845,0.00014360406716958899,-5.62031726013311e-07,4.9106454431158324e-06,-0.0,0.0
3390.0,0.7014971196633719,0.0024149577356283565,0.00014706615470565546,-5.084436602394001e-06,1.0179596607268365e-05,-0.0,0.0
3401.0,0.6766281462327917,0.0002861943578179768,8.855697778180164e-05,6.215092245630827e-07,9.467758171227732e-07,-0.0,0.0
3412.0,0.6602423127185711,4.724202195647649e-05,3.5844566610621985e-05,-2.5161382687532787e-08,4.2560345125765797e-07,0.0,0.0
3423.0,0.6648249549556221,0.00011777709992499728,5.2175165577503674e-05,4.184555202817747e-09,2.339662319529323e-07,0.0,0.0
3434.0,0.6721537316639065,0.00016125679967685154,6.119022670697909e-05,2.010496271645284e-07,5.337158141697171e-07,0.0,0.0
3445.0,0.67080627623152,0.00021121690835662228,7.651244199476608e-05,1.2242206620525724e-06,7.044233891776599e-07,0.0,0.0
3456.0,0.6798172305607693,0.0003077209781439997,8.121749319776559e-05,-2.9407673336977404e-07,9.495770229647265e-07,0.0,0.0
3467.0,0.6845633244197876,0.00033423026157419143,9.328067824914034e-05,1.8833696027396943e-06,1.93329339523582e-06,0.0,0.0
3478.0,0.6919537290607549,0.00043808712856404784,0.00010088925534366544,-1.5761045784164843e-06,1.686839067726761e-06,0.0,0.0
3489.0,0.7047042115825978,0.0005303881528398303,0.00012481782606422434,-2.5431749184839865e-07,1.2037874695054711e-06,0.0,0.0
3500.0,0.713338767576235,0.0005636805153274595,9.659398904710923e-05,2.303331157252661e-06,2.0819438587381032e-06,0.0,0.0
3511.0,0.7246752652511873,0.0006571150629143717,0.00011586513523437828,7.983856423489712e-06,3.862922348400802e-06,0.0,0.0
3522.0,0.7299000385199197,0.0007306717933725378,0.0001252381519903741,4.107246657192306e-06,3.4103749189236753e-06,0.0,0.0
3533.0,0.7516715041571782,0.0007460862476211332,0.00011573054135032335,-1.1037408917488105e-07,1.672402624857323e-06,0.0,0.0
3544.0,0.7553986507563188,0.002686827541076592,0.00010506459209325447,-5.605982566775597e-05,2.194997485886351e-05,0.0,0.0
3555.0,0.7513636004359927,0.00208663175147577,0.00016181930223305098,-1.3231292048898925e-05,9.249115335139926e-06,0.0,0.0
3566.0,0.7274591692120803,0.002081329133947632,0.00014222588876063296,4.146091779346072e-06,1.0264800551138696e-05,0.0,0.0
3577.0,0.7092829495024657,0.0020805836341835676,0.00014882949773911946,-1.2933064453078155e-05,1.0504113327114094e-05,0.0,0.0
3588.0,0.6865475010458029,0.0020147198600110367,0.00015035314128727812,-5.595888942409451e-06,1.2089018208108824e-05,0.0,0.0
3599.0,0.6663912134541778,0.0021166499955261237,0.00015855920918694724,9.018954059241436e-06,1.4834351702672559e-05,0.0,0.0
3610.0,0.6408214846025097,0.002022591331757219,0.00014139548860054815,-6.339301034123017e-06,1.4880842672091919e-05,0.0,0.0
3621.0,0.6276313910165043,0.0019859327616723634,0.00018506374572968662,4.501159509513925e-05,1.7571648493838993e-05,0.0,0.0
3632.0,0.6046871572086693,0.0018839785918100033,0.00018982054386558497,1.874674331756967e-05,1.0905164276273887e-05,0.0,0.0
3643.0,0.5916899915983466,0.0018321418877977073,0.00017875112898411408,-1.3893750891505221e-06,3.801325414817001e-06,0.0,0.0
3654.0,0.5723052344540874,0.0017010526188955537,0.00018660709777227043,-5.828847867875589e-06,6.712836908259586e-06,0.0,0.0
3665.0,0.5603421404980962,0.0016080494233991543,0.00019552855978619867,3.3575005903750834e-06,4.826636694527252e-06,0.0,0.0
3676.0,0.5441749199823219,0.0013969689440032794,0.00018793301340692972,2.859515168123175e-06,4.178558214282854e-06,0.0,0.0
3687.0,0.5307488736431579,0.0013798564422572157,0.00016313285065347645,5.7866931861939295e-06,7.499701865473058e-06,0.0,0.0
3698.0,0.5153605446432603,0.0011748665124298307,0.00017969554562761303,-1.1023203254558483e-05,7.010253353975244e-06,0.0,0.0
3709.0,0.5101016610580633,0.003489848125206762,0.0001816167006884896,-1.795391681038301e-05,1.6438401936241208e-05,-0.0,0.0
3720.0,0.49628873079718067,0.0004472559120064716,0.00011035502209623189,2.0898532721009387e-05,7.234343556372107e-06,-0.0,0.0
3731.0,0.48312858013781296,0.0004002666441966256,0.00012186634510774296,2.840698651223088e-06,1.3524293014564271e-06,-0.0,0.0
3742.0,0.47391398311248933,0.00022378698501210887,8.351347408786953e-05,1.4578893656097482e-06,1.298063653278166e-06,-0.0,0.0
3753.0,0.4698219125871304,0.00013044997507566313,6.751604346420539e-05,-1.6900289186473342e-07,2.287087750912455e-07,-0.0,0.0
3764.0,0.4659359836566288,4.479224406803004e-05,4.31228185101533e-05,-5.371618265366312e-07,6.781560074718533e-07,-0.0,0.0
3775.0,0.4580293147748471,1.8026317264894505e-05,2.1772360504655246e-05,-1.4470263262566631e-06,1.0210205432457922e-06,-0.0,0.0
3786.0,0.4553314174656764,1.0299641984987673e-06,1.461174986880347e-05,2.063185712680227e-08,8.151269354499677e-08,0.0,0.0
3797.0,0.45945926589631886,1.949137094216189e-05,4.064397451709176e-05,-1.0287283732988708e-07,1.9099730333613914e-07,0.0,0.0
3808.0,0.46171459488151745,8.704347992594729e-05,5.4382666366133594e-05,1.862589400941465e-07,3.7202610106516745e-07,0.0,0.0
3819.0,0.4617633109157428,0.00014726782774305075,6.79593592597435e-05,1.8496690646212314e-06,1.543639609139134e-06,0.0,0.0
3830.0,0.46645212111491163,0.00025253969599316737,9.808327850795985e-05,-9.794296532345553e-07,1.015791625872553e-06,0.0,0.0
3841.0,0.47900273584743214,0.0003815715766694968,0.00011950906572879746,3.4409919888785016e-07,1.0891135252751774e-06,0.0,0.0
3852.0,0.4740197721491675,0.000527303682676264,0.0001280458263591372,3.623291380750146e-06,3.1661578109081603e-06,0.0,0.0
3863.0,0.4912373985881023,0.0007038536504115116,0.0001673105755961553,1.8221221810231248e-05,8.730842277520494e-06,0.0,0.0
3874.0,0.505175471060394,0.003418228493303099,0.00019442450328610903,9.789321434914251e-06,1.0155750279803609e-05,-0.0,0.0
3885.0,0.4911993945212956,0.004723087024726148,0.00010354849329679894,7.528713596493424e-05,3.072754559825788e-05,0.0,0.0
3896.0,0.46881182444959635,0.005022980151264677,0.00011353543795456865,5.00421748873363e-06,1.2509390335207461e-05,0.0,0.0
3907.0,0.43746195592530734,0.005209242922470874,0.00012228964035306824,-7.930924394271151e-06,1.6561037466572277e-05,0.0,0.0
3918.0,0.4148789018015246,0.005576615670489285,0.00013847874373594735,-4.991627506021636e-07,1.2596160615044125e-05,0.0,0.0
3929.0,0.3844932950457762,0.005898412288638406,0.00016288354433849787,-1.6627892683611656e-06,8.90800112971384e-06,0.0,0.0
3940.0,0.3616120578546487,0.006237216846521692,0.00019431568794022274,-5.461492542638231e-06,1.4780916520476306e-05,0.0,0.0
3951.0,0.3317570729947381,0.006519787117068727,0.00020023094338445768,1.5255703349045806e-06,1.0611768165948764e-05,0.0,0.0
3962.0,0.309343342505793,0.007004239165701323,0.000242568418526055,6.488289198487486e-07,1.3739807537773887e-05,0.0,0.0
3973.0,0.28025642035639364,0.007218080999011228,0.0002854356663971836,6.650513014404783e-06,2.0771703260866166e-05,0.0,0.0
3984.0,0.2588351858541327,0.007774443120903283,0.00033770461841510925,2.1606213455497404e-05,2.667089224027244e-05,0.0,0.0
3995.0,0.23165846970679135,0.007565189224718294,0.00035445091119147765,-2.5454548669039303e-05,2.499184844161612e-05,0.0,0.0
4006.0,0.21177821528900442,0.008894350008506241,0.0004605165539966044,-8.56606644113072e-05,7.80512256933027e-05,0.0,0.0
4017.0,0.18959885662743461,0.0013565229012266825,0.0003163527918295489,-1.167328782823443e-06,1.914095226282829e-05,-0.0,0.0
4028.0,0.1823308727196454,1.1944482266228386e-05,4.508349166402713e-05,2.150173333567611e-08,5.545075449095668e-07,0.0,0.0
4039.0,0.18422131994151816,0.0003917309488378967,0.00020481138602460543,7.509963467112968e-06,5.757492968879521e-06,0.0,0.0
4050.0,0.19214089971803763,0.0010968934152643106,0.0003406995398496159,2.7480914317397807e-06,7.421640799811e-06,0.0,0.0
4061.0,0.188679159639511,0.001995635430167974,0.00035965862466407877,7.358177814519378e-06,8.563899300083948e-06,0.0,0.0
4072.0,0.20780451778308834,0.0026353056075825846,0.0004070962333910825,1.8920871674813083e-07,1.753668492561819e-05,0.0,0.0
4083.0,0.22596503650535485,0.0036120798810868344,0.00043833347388677694,9.944509305365712e-06,2.323951853590851e-05,0.0,0.0
4094.0,0.2444973338802295,0.004004059564453813,0.00041737402665822964,5.094414975985569e-05,3.137432451249231e-05,0.0,0.0
4105.0,0.2539400974709418,0.004461458404101409,0.0004113932890462289,-5.748991036121494e-05,4.370872871922569e-05,0.0,0.0
4116.0,0.2773256483101866,0.004605413849549176,0.0003553826680440528,-0.00013601003087177188,5.2316085568220903e-05,0.0,0.0
4127.0,0.3037532663265049,0.004731967783237404,0.00034206466545601695,-1.8091912959197163e-05,1.57887439057078e-05,0.0,0.0
4138.0,0.3242277002690585,0.004780144717937992,0.00031676566655998065,-7.527501832817423e-06,1.8138900646903707e-05,0.0,0.0
4149.0,0.3499482250590546,0.00013629709353805373,9.013574376264764e-05,-2.9491353617114485e-06,1.8939110551742048e-06,0.0,0.0
4160.0,0.3510477707928879,0.005454715224982686,0.00027368239192230025,-4.902540226588777e-06,1.423402451752711e-05,-0.0,0.0
4171.0,0.32275177728668214,0.005495603826134694,0.0002908987144063731,-1.3628138984494614e-05,2.189704984136598e-05,-0.0,0.0
4182.0,0.30567066515909935,0.005587766830038123,0.00032158268553556305,-8.696752476790546e-06,3.082782138721178e-05,-0.0,0.0
4193.0,0.27953611401012407,0.005191291711339499,0.000341619707307574,-3.7108897219757174e-06,1.244958328112229e-05,-0.0,0.0
4204.0,0.2643613367278431,0.005342339259911348,0.00041817990935675355,-3.594811290933262e-06,2.1168887799476463e-05,-0.0,0.0
4215.0,0.24183769669157218,0.00474384642480104,0.0004058903791220223,-2.1228368490005145e-05,2.250392116017353e-05,-0.0,0.0
4226.0,0.22857010531968053,0.004390190807386623,0.0004547901880223893,2.0270313845343666e-05,3.120450288973619e-05,-0.0,0.0
4237.0,0.21130857403601158,0.0032527809668854157,0.0004399647120878031,3.828096869646124e-06,1.0147093948835115e-05,-0.0,0.0
4248.0,0.19928258880037808,0.001982001188081578,0.00038697840730121956,3.188539524202518e-06,4.684929864124135e-06,-0.0,0.0
4259.0,0.18869861002056423,0.0007574839046098576,0.0002372983942994035,2.429292328891686e-06,2.9438513966403342e-06,-0.0,0.0
4270.0,0.17803288453483077,0.008427451141401806,0.0005166916685827995,-1.1890956237721648e-05,2.3108045972973207e-05,0.0,0.0
4281.0,0.2004712473703535,0.011037938123244877,0.0002445584359059985,-4.706406230935129e-06,1.7847973579409593e-05,-0.0,0.0
4292.0,0.2356091985493142,0.010120743451486466,0.0002020564626442821,2.8183947949472148e-05,3.125755550688979e-05,-0.0,0.0
4303.0,0.25781370524353414,0.008871430913228744,0.00014694638481977878,4.260760826887105e-05,4.25617519373095e-05,-0.0,0.0
4314.0,0.2917998869125379,0.008325493601295884,0.00016666894658860201,-2.875238797722487e-05,3.713672160125036e-05,-0.0,0.0
4325.0,0.3169654580820112,0.007648655331846285,0.0001207321213789837,-4.744589401574148e-06,2.2195055879719126e-05,-0.0,0.0
4336.0,0.3314901181829241,0.007059408753455474,0.00011206574286682539,-4.3552429346241535e-06,2.1198935100546623e-05,-0.0,0.0
4347.0,0.37586076815336716,0.0065876148224712685,8.657210505371056e-05,3.365344228287064e-08,1.1576285458967203e-05,-0.0,0.0
4358.0,0.39086804532874053,0.006124000285249112,8.070432384422904e-05,-8.76551972006857e-07,1.0956304099309485e-05,-0.0,0.0
4369.0,0.4319014944539162,0.005765922109414793,5.0184047674530664e-05,-6.115501069090899e-06,1.5946453541935226e-05,-0.0,0.0
4380.0,0.4495882953888888,0.00545911130858273,1.858916472876373e-05,1.8966589925569228e-06,9.36006068302542e-06,0.0,0.0
4391.0,0.4831376518232487,1.6131869183679778e-05,2.9217303292083635e-05,-3.53177634130433e-07,5.74053559094034e-07,0.0,0.0
4402.0,0.4889649654043689,4.7300068542960896e-05,4.257483480457419e-05,-4.237327157249549e-07,4.800114912760087e-07,-0.0,0.0
4413.0,0.4866050696672984,3.6995025973278355e-06,2.2190366505722624e-05,-5.662433419407932e-08,1.1097695087897303e-07,-0.0,0.0
4424.0,0.48547188167210553,4.2773454969806875e-06,1.4464610497395659e-05,-9.094013742990808e-08,3.5649060095794666e-07,-0.0,0.0
4435.0,0.487418512262004,4.9199503685295994e-05,4.148162822502971e-05,1.207707884157099e-06,8.379202821819109e-07,0.0,0.0
4446.0,0.4923499759072069,0.00012071008766231728,6.018757762586829e-05,6.139447178457754e-07,1.1173002132595585e-06,0.0,0.0
4457.0,0.49815581562315864,0.00024258639226057787,8.521260760844771e-05,5.707011911587388e-07,7.412665292588966e-07,0.0,0.0
4468.0,0.5029957186499419,0.00041924379414825716,0.00012822339396278805,2.4290202990545286e-06,2.8382817545593493e-06,0.0,0.0
4479.0,0.5119617824315356,0.0012559897177666665,0.00020081642651927786,6.43772877855073e-07,2.8098235875640912e-06,0.0,0.0
4490.0,0.5126382225430708,0.003830096357917154,0.00014029572478702095,-1.708139433452036e-06,1.6531821780770275e-05,-0.0,0.0
4501.0,0.5406512133928224,0.0032885979832909993,0.00018551187859035644,-1.570542827744826e-06,5.661324675065938e-06,-0.0,0.0
4512.0,0.5575264801363118,0.0032130214697574755,0.00016081052394026314,2.481136534555148e-07,5.264533411124795e-06,-0.0,0.0
4523.0,0.5963661343249853,0.0032777005284782812,0.0001690825777878424,-2.1123090742552455e-06,9.335951649413816e-06,-0.0,0.0
4534.0,0.6140001987919688,0.003274735335391216,0.00014293452416719806,-3.22294683904071e-06,7.783519490214182e-06,-0.0,0.0
4545.0,0.6479031710212392,0.0031726107969773706,0.0001317251168977563,7.1849759300907735e-06,1.5773459864958338e-05,-0.0,0.0
4556.0,0.6679635190720976,0.003164330031872951,0.00011408287154465742,-1.9773319062293366e-05,1.6267300350619933e-05,-0.0,0.0
4567.0,0.6997404575745342,0.003036393215566258,0.00011046949999077704,1.2075752615540648e-06,1.134738505572493e-05,-0.0,0.0
4578.0,0.7215695646606649,0.003201070695286021,7.800992044391556e-05,-7.900110524633713e-06,1.2940977125452028e-05,-0.0,0.0
4589.0,0.7506581294033989,0.0017591782656329069,0.00012713620582681804,5.1026301547557365e-08,3.866889000430478e-06,0.0,0.0
4600.0,0.7597119698381507,0.0010537134307334966,0.00012353582354701233,1.025816532384167e-06,2.6120745699074454e-06,0.0,0.0
4611.0,0.7790872893878844,0.0013552569138780574,0.00012162253893159206,1.2189536226783794e-06,2.43311163613523e-06,0.0,0.0
4622.0,0.8026166739614862,0.0013935974965010164,0.0001407092258978475,1.3782364119532247e-06,5.622026356571462e-06,0.0,0.0
4633.0,0.8213532497316122,0.001459021445646149,0.00012945785430559787,2.2193435911574007e-06,5.585022172893219e-06,0.0,0.0
4644.0,0.8315821427062139,0.001467426015351159,0.00011786980592379288,-2.260735698627731e-06,3.9184690573931534e-06,0.0,0.0
4655.0,0.8558901457831758,0.0021036594318135015,0.00011560838501674889,1.7201130684928207e-07,5.5455566832786065e-06,0.0,0.0
4666.0,0.8720366079471252,0.0011799101517437308,0.00012222073367208462,-7.002321596563226e-07,2.648799331141284e-06,-0.0,0.0
4677.0,0.8893508972852044,0.0010341334722436194,0.00012209154986506806,-6.414796971600294e-07,4.108271598085819e-06,-0.0,0.0
4688.0,0.9134162900438827,0.0010483554017700655,0.00011477900095749314,1.8414523598376398e-05,9.721548509693497e-06,-0.0,0.0
4699.0,0.9234790894189496,0.002580805800468199,4.9635541391865185e-05,2.1823297864497957e-05,1.8246350594722373e-05,-0.0,0.0
4710.0,0.9525173628830438,0.0021507524359321026,9.796957450156393e-05,1.6763589176257297e-05,1.1254702647020702e-05,0.0,0.0
4721.0,0.9774173231345049,0.0021468452715480623,8.705153001344683e-05,3.7326649979812595e-05,1.455432425631076e-05,0.0,0.0
4732.0,0.9916010454328036,0.002160941444305811,7.111394444889982e-05,-2.206727165043415e-05,1.7052150059201524e-05,0.0,0.0
4743.0,1.0217865537032509,0.002109196251623509,7.823129520736547e-05,-7.056032253113802e-05,2.29423830474755e-05,0.0,0.0
4754.0,1.038964565116855,0.001734433868616122,9.43882796107084e-05,1.3954613349317118e-05,1.3468414712657075e-05,0.0,0.0
4765.0,1.0618598853583212,0.0014330134904910594,0.00010657990314572696,1.2060628843837343e-06,5.710115874936835e-06,0.0,0.0
4776.0,1.0880716058716835,0.0014686987235419324,9.562327515382648e-05,-1.6018692215766794e-06,7.577898462876085e-06,0.0,0.0
4787.0,1.1017090559537106,0.0013430251995435554,9.303248529676027e-05,-6.972221152033783e-07,6.7838909089789685e-06,0.0,0.0
4798.0,1.1248456669557265,0.0014842675940507377,9.188155084930834e-05,2.237653920813138e-06,8.933044875514147e-06,0.0,0.0
4809.0,1.1509601396686893,0.0014797009228858565,0.00010276204317681517,2.7895433860707194e-06,1.1140567979124499e-05,0.0,0.0
4820.0,1.16836607471938,0.0014721488368198243,7.724883623848871e-05,2.1719348823362468e-05,1.228879133083984e-05,0.0,0.0
4831.0,1.187285362596151,0.001698769964657425,7.106159105088466e-05,3.355871385640549e-05,1.501405505956e-05,0.0,0.0
4842.0,1.2162834372279712,0.0020376345065537984,1.872670448319423e-05,2.7782331578170356e-05,2.4144638786196513e-05,-0.0,0.0
4853.0,1.2406423200515044,0.001993740046776547,1.2408866689866857e-05,-3.324311294445966e-05,2.3739617732799237e-05,0.0,0.0
4864.0,1.2686170713030058,0.0019583985151490685,1.0047258951623708e-05,4.021219184249922e-06,2.4901000196241194e-05,-0.0,0.0
4875.0,1.2991538861561873,0.0019177128926964808,1.4578659261963817e-05,2.4474651902806025e-05,1.655210382764614e-05,0.0,0.0
4886.0,1.3279543843609403,0.001872307634021562,1.0327571914893266e-05,-1.3461770956119485e-05,1.5000223816926534e-05,0.0,0.0
4897.0,1.352777747961398,0.0018321481125288994,9.330653575674215e-06,-3.820508686901208e-05,2.218708565074595e-05,-0.0,0.0
4908.0,1.3800168100375636,0.001790760989887654,1.5063814070966507e-05,7.292344436378864e-05,2.2638965112085155e-05,0.0,0.0
4919.0,1.4110967785669295,0.001767562727513002,9.601662163225662e-06,1.1077959949432985e-05,1.6184319041053504e-05,-0.0,0.0
4930.0,1.4401816380439605,0.0017333293317993222,1.2223975669574798e-05,2.1296636916341886e-05,1.752209092570897e-05,-0.0,0.0
4941.0,1.4647401746779138,0.0016923933398691137,1.0390377336414905e-05,1.0451261729852906e-05,1.7048826369176765e-05,-0.0,0.0
4952.0,1.4912053164844603,0.0016634135988485726,1.2974310395847554e-05,1.73844453452431e-05,1.6500850802759365e-05,-0.0,0.0
4963.0,1.5229526926632984,0.0016301020668598573,1.0453151057591335e-05,2.3154438610600306e-05,1.457671945369617e-05,-0.0,0.0
4974.0,1.551772688117238,0.0016095112876001992,8.956887422596501e-06,1.6981382950219596e-05,2.032348330193809e-05,0.0,0.0
4985.0,1.5800880951165897,0.0010437282556456885,7.150542887615631e-05,2.1478720947244758e-05,1.1473698959081394e-05,0.0,0.0
4996.0,1.5929864002583842,0.0007619294992378176,6.305144003894844e-05,9.758812608794565e-06,6.0947977501894145e-06,0.0,0.0
5007.0,1.6147807267446905,0.0007876710032036477,6.456332650609599e-05,-5.141786815139181e-07,9.190243461148945e-06,0.0,0.0
5018.0,1.6291810130111004,0.0010994962769068164,6.53042258970008e-05,9.749166557003576e-06,8.906760358817163e-06,0.0,0.0
5029.0,1.6543901391834865,0.0015062224170048553,1.178698851873009e-05,-1.2688358032862505e-05,1.8882301497818156e-05,-0.0,0.0
5040.0,1.6691946325216769,0.0014702817903998245,1.3191727747694546e-05,2.589178290722005e-05,1.5364422492889148e-05,-0.0,0.0
5051.0,1.7054569132640158,0.0014448585544278747,1.6750270024716614e-05,7.3709981410337e-06,1.3791619854534766e-05,-0.0,0.0
5062.0,1.7333805427622555,0.0014273724380757654,1.4771916404748064e-05,1.6099607138677373e-05,1.619754682764326e-05,-0.0,0.0
5073.0,1.7662306521438587,0.0013970720097899142,1.5071990518935708e-05,-1.0699664884631601e-05,1.6299133669979187e-05,0.0,0.0
5084.0,1.7923190932757591,0.0013709612499185663,1.3852130980276664e-05,1.0642731587507792e-05,1.3141841694733976e-05,-0.0,0.0
5095.0,1.8180768812306285,0.0013558314225448288,1.4926742511694818e-05,5.207573016799136e-06,1.5048833241638204e-05,-0.0,0.0
5106.0,1.8459172476859922,0.0013387997019379885,1.3642592683534216e-05,5.1792624558267816e-05,1.6639321230747488e-05,-0.0,0.0
5117.0,1.8783539725854648,0.0013114562870689247,1.6472146903258246e-05,1.8104740035843272e-05,1.4116184972748368e-05,-0.0,0.0
5128.0,1.9048706320367523,0.0012984105491470465,1.2021974124261504e-05,1.6049410651603107e-05,1.3246082635940715e-05,-0.0,0.0
5139.0,1.9307767310118678,0.0012792095212360668,1.1789734760619606e-05,3.315978412236472e-05,1.8609233035228864e-05,-0.0,0.0
5150.0,1.9578875470481494,0.0012558873547919161,1.6038471612472648e-05,1.593183921737611e-05,1.235709045228304e-05,-0.0,0.0
5161.0,1.9904523706959258,0.0012339206632982838,1.64856332451778e-05,3.7910366120484342e-06,1.4473700589699212e-05,-0.0,0.0
5172.0,2.0176743653859983,0.001224013674780988,1.1178434206239854e-05,4.5907244003121184e-06,1.6723982490312914e-05,-0.0,0.0
5183.0,2.0495959731746436,0.0011878978612538053,1.9364934459042317e-05,2.0338363414071806e-05,1.9906458260840284e-05,-0.0,0.0
5194.0,2.0681133926139257,0.0005425300850886845,5.3481285711759425e-05,9.617565568337954e-06,6.884509456006476e-06,-0.0,0.0
5205.0,2.0866799400344713,0.00027823370917346525,4.7323559769441067e-05,1.2406240136323408e-06,4.409631073276852e-06,-0.0,0.0
5216.0,2.099200303267255,0.00029762558753823793,4.904084261308769e-05,1.0340667379921283e-06,3.844030140754945e-06,-0.0,0.0
5227.0,2.1166996436846754,0.00028363345137436566,4.4189181494397236e-05,-1.803346365374454e-06,2.7246162203925342e-06,-0.0,0.0
5238.0,2.129130311897609,0.0007954627106030028,4.3699055699869064e-05,1.3095366602950956e-05,8.635474084439528e-06,-0.0,0.0
5249.0,2.1458700695229296,0.0011551034212279332,8.222094105066413e-06,1.5113679941293642e-05,1.4670816149201947e-05,-0.0,0.0
5260.0,2.1779716992786,0.0011332571288156718,1.0463614360060044e-05,-2.4073729504075706e-06,1.4141601948268936e-05,-0.0,0.0
5271.0,2.2038645440210165,0.0011243382111010877,9.282548373098768e-06,8.310605418270634e-06,1.4159296739917246e-05,-0.0,0.0
5282.0,2.229572123781481,0.0011082525310857894,1.1406887952927914e-05,5.155652407321854e-06,1.8805645041933154e-05,-0.0,0.0
5293.0,2.256627027332401,0.0010926163473604156,1.2102395192288877e-05,5.021587345650038e-06,1.340556532606296e-05,-0.0,0.0
5304.0,2.2888071377178743,0.0010751625749041312,1.184937601690881e-05,1.5525535367345163e-05,1.4857720137123692e-05,0.0,0.0
5315.0,2.315547109328288,0.001068875779151538,8.752467806444949e-06,-5.430336798015538e-06,1.4053161321387376e-05,-0.0,0.0
5326.0,2.3467683336294387,0.0010503677777360988,1.2326020176602729e-05,2.19858020373724e-05,1.91106379138174e-05,-0.0,0.0
5337.0,2.366229048683666,0.001039526685179284,1.2208980804563942e-05,1.6858667322215271e-06,1.5488903883998717e-05,-0.0,0.0
5348.0,2.399501974401293,0.0010269472063245356,1.1441146461467679e-05,2.105418536869908e-05,1.2679699985976221e-05,-0.0,0.0
5359.0,2.4273771650687634,0.0010192844823374455,9.8817297466313e-06,5.19692019450349e-06,1.5597607441041914e-05,-0.0,0.0
5370.0,2.4580303259750083,0.000996817624594602,1.4184490764678297e-05,2.2745014552456682e-05,1.598178723291166e-05,-0.0,0.0
5381.0,2.475246665233111,0.000995026582691734,9.087508124543402e-06,6.548312122597767e-06,1.714509197853675e-05,-0.0,0.0
5392.0,2.510344075213925,0.0009816364255906518,9.937593132214947e-06,8.519916413644477e-06,2.0723407641941664e-05,-0.0,0.0
5403.0,2.5381232850401196,0.000964314218142565,1.1034206592263185e-05,2.2261959286152205e-05,1.4509699006804058e-05,-0.0,0.0
5414.0,2.5688288403275035,0.0009533122778045351,1.3414373091880313e-05,2.1730737284087386e-05,1.733485687054761e-05,-0.0,0.0
5425.0,2.596541620318115,0.0009445680403051261,1.1899331728600927e-05,-1.4878305728409213e-05,1.9244497129140697e-05,-0.0,0.0
5436.0,2.6211738057772975,0.0009358437905365972,1.1078696116223525e-05,3.888425472522371e-05,1.5466695739739496e-05,-0.0,0.0
5447.0,2.647897508808517,0.0009267236377648015,1.2045003985152639e-05,3.530510490557277e-05,1.7414067706925617e-05,-0.0,0.0
5458.0,2.679461912215318,0.0009098356666878424,1.1739381809839347e-05,1.0411504824980012e-05,1.4025645871114854e-05,-0.0,0.0
5469.0,2.707688763043302,0.0009073220982011162,1.0350338816458214e-05,2.7100527950314124e-05,1.584113828004259e-05,-0.0,0.0
5480.0,2.7371642126898608,0.0008958193135793892,1.0579345495892319e-05,-2.0873029029947505e-05,1.8964916542243573e-05,-0.0,0.0
5491.0,2.7573607742153015,0.0008866934469204463,1.1417583976547188e-05,6.054325357966571e-05,2.259237602363505e-05,-0.0,0.0
5502.0,2.7891190919061333,0.0008733920603505831,9.30386254379011e-06,5.065857315318905e-05,2.0859808590184692e-05,-0.0,0.0
5513.0,2.803413388973203,0.0008622026044794256,1.4749314387636606e-05,5.102959025740722e-05,1.888782575083933e-05,-0.0,0.0
5524.0,2.8305605081346976,0.0008446121744635434,1.6319629022275437e-05,5.1290822962204404e-05,1.918422290879279e-05,-0.0,0.0
5535.0,2.8549486274509097,0.0008468703421240688,1.2250021072855654e-05,3.243302683071914e-05,1.680455649418081e-05,-0.0,0.0
5546.0,2.887620712158467,0.0008265056830898294,1.4053045621087517e-05,3.490040147212618e-05,1.8196465093165447e-05,-0.0,0.0
5557.0,2.904883552873493,0.0008202804356280735,1.4025728757849087e-05,-2.6346225143526803e-06,2.0483291662981866e-05,-0.0,0.0
5568.0,2.938410759577247,0.0008117254388073455,1.363871119426667e-05,4.226171254250561e-05,1.633231118010975e-05,-0.0,0.0
5579.0,2.9655821086900715,0.0008094560008425246,1.3410756400051074e-05,2.9073137942608153e-05,1.4641867899046262e-05,-0.0,0.0
5590.0,2.996578434566116,0.0007578700160159759,2.1139548660769773e-05,2.8091753337193936e-05,1.9010738016424448e-05,-0.0,0.0
5601.0,3.0207242728647885,0.0001765382489554327,2.8720745750415325e-05,-2.871703091803212e-06,3.156487383011444e-06,-0.0,0.0
5612.0,3.036025942653863,8.754514183556997e-05,2.3464282860156346e-05,-2.9360616618081803e-06,2.0142326480633047e-06,-0.0,0.0
5623.0,3.041228056833651,9.423055393427716e-05,2.1007213143594846e-05,-3.348335355817344e-06,1.4618581940297994e-06,-0.0,0.0
5634.0,3.063498164309766,0.00010736290362453425,2.5020536359231732e-05,-4.90222017029236e-06,3.158960848611699e-06,-0.0,0.0
5645.0,3.0747779763518888,0.00010138577160772882,2.3731894296351457e-05,-7.619352108486392e-06,2.043876300597506e-06,-0.0,0.0
5656.0,3.0826000585542213,0.00010842759053718587,2.488394926571687e-05,-1.0751140193805689e-05,3.0946273064737626e-06,-0.0,0.0
5667.0,3.103166096521997,9.467285419021752e-06,8.605134802047029e-06,3.052443827600212e-06,1.2289133873371811e-06,0.0,0.0
5678.0,3.102266142157732,0.0006711620855765836,2.5780425957536056e-05,3.9244754111952306e-05,1.4795324370648983e-05,-0.0,0.0
5689.0,3.074815067734219,0.000681928453008715,2.3843088157513792e-05,3.380244092649926e-05,1.781963305977824e-05,-0.0,0.0
5700.0,3.0492583466505043,0.0006712119170164298,2.8901211259614792e-05,-9.862372008224125e-08,1.7298754052964484e-05,-0.0,0.0
5711.0,3.019649503122273,0.0006940510613233013,2.5689652078463702e-05,-9.569860466420797e-06,1.3800769597576945e-05,-0.0,0.0
5722.0,2.9955017026653583,0.000678941071440687,2.590415457826383e-05,-7.119561193536575e-07,1.4866534013589223e-05,-0.0,0.0
5733.0,2.9642459846222113,0.0007064187699833551,2.3581195796641318e-05,6.975968957313303e-06,1.5378792475433973e-05,-0.0,0.0
5744.0,2.941395907752763,0.0006868348517201661,2.964538526252777e-05,1.3546512317736844e-05,1.4334470207271999e-05,-0.0,0.0
5755.0,2.908819419491741,0.0007152877935847277,2.949696361211037e-05,2.9022712821061377e-05,1.4376542136710637e-05,-0.0,0.0
5766.0,2.8872663396563447,0.0006948573411589636,3.018625417109295e-05,2.1135575216933316e-05,1.3976985626876264e-05,-0.0,0.0
5777.0,2.8622276313607586,0.0006969408950202454,2.9104760257394627e-05,2.7736815207073764e-06,1.2912889068224985e-05,-0.0,0.0
5788.0,2.83321422575125,0.0007030961649461365,3.0095485578723148e-05,8.604396481377985e-06,1.575450102727931e-05,-0.0,0.0
5799.0,2.808503365398394,0.0007090203468940325,3.210635159421417e-05,3.74177626726163e-07,1.4278586538380702e-05,-0.0,0.0
5810.0,2.7790201752633585,0.0007177076028122575,3.0409100674505414e-05,3.875693918196199e-06,1.3567773592430265e-05,-0.0,0.0
5821.0,2.7547831646676553,0.0008401550179760663,2.0696345627590868e-05,1.0516620129053142e-05,1.4745961166873437e-05,-0.0,0.0
5832.0,2.7251499696386046,0.0005079155491244725,4.049202342227872e-05,7.0914630791533945e-06,9.990754648681368e-06,0.0,0.0
5843.0,2.708425476938393,0.00040750411622237167,4.0293328382184965e-05,2.770235201569763e-05,7.003535114670378e-06,0.0,0.0
5854.0,2.697200155843009,0.00041684048880011277,4.21514146272512e-05,1.819150118035579e-05,1.1286643533359898e-05,0.0,0.0
5865.0,2.684024422217323,0.00041605401298114525,4.056507079157924e-05,2.4834659999549025e-05,6.96963133880751e-06,0.0,0.0
5876.0,2.6634138419985502,0.0004152824159166559,3.9868715445678184e-05,1.3831736602164655e-05,7.890545574495958e-06,0.0,0.0
5887.0,2.651778777616376,0.0003908611181001155,4.266886751650556e-05,2.3796152981188444e-05,8.049180073694813e-06,0.0,0.0
5898.0,2.6302169566552167,0.0004016640536282175,3.715403978827193e-05,1.8909833458480168e-05,6.41607207840805e-06,0.0,0.0
5909.0,2.616098158931082,0.0003484935174716511,3.961528634587764e-05,2.2120972784141622e-05,7.102079436121466e-06,0.0,0.0
5920.0,2.5971595804465646,0.00037753974482851747,3.844426758419965e-05,1.1281885982697661e-05,6.075238407229099e-06,0.0,0.0
5931.0,2.5909298028962278,0.0008745665853516488,2.2535459962692178e-05,2.679130740661947e-05,1.5232606845950946e-05,-0.0,0.0
5942.0,2.571394355586039,0.0004777201756744064,3.988114752796221e-05,3.905082659288377e-06,9.000416859368776e-06,-0.0,0.0
5953.0,2.5423452218710807,0.0005223701235292925,4.031631556564421e-05,4.551444130916679e-06,8.899077013087074e-06,-0.0,0.0
5964.0,2.522370146338646,0.0004582045363588852,4.756609084926862e-05,-3.2407877509940124e-06,9.599876985366315e-06,-0.0,0.0
5975.0,2.5059975630833304,0.0004494725576931951,4.059728796420985e-05,3.2451159281886374e-06,8.492867878235563e-06,-0.0,0.0
5986.0,2.484740698128423,0.00043586228021598716,4.3332272393485675e-05,-1.6090182052539825e-06,7.023714976619376e-06,-0.0,0.0
5997.0,2.46608185088941,0.0004390227643075808,4.22972613646417e-05,-1.3642632135893046e-05,8.108327682112097e-06,-0.0,0.0
6008.0,2.4457542809379964,0.0004495836585141232,4.249558661375669e-05,-8.43414706951081e-07,6.815556100107386e-06,-0.0,0.0
6019.0,2.4217002982413187,0.000461555642154395,4.240356700102556e-05,1.359901661302851e-05,7.900426682245182e-06,-0.0,0.0
6030.0,2.3989713435179634,0.00042609300521221304,4.563178403449811e-05,-3.108995528455722e-06,7.5575302042654685e-06,-0.0,0.0
6041.0,2.3833558881273254,0.0008094160127030043,3.812062563481935e-05,2.8350030929922116e-06,9.796499278357906e-06,0.0,0.0
6052.0,2.3684634047748836,0.00014556358301944493,3.335705774782596e-05,7.108056340267816e-06,2.191332797454119e-06,0.0,0.0
6063.0,2.3648832296353888,0.00014809387665261874,2.8373128980559974e-05,1.0564170337911993e-05,2.6063031226207985e-06,0.0,0.0
6074.0,2.3546058631357187,0.00012658408905936712,3.4513354063209584e-05,1.0034374984002553e-05,3.3315889324434883e-06,0.0,0.0
6085.0,2.350907167926521,0.000131487494663385,2.9463739726726924e-05,9.006408165911963e-06,2.2770588630260227e-06,0.0,0.0
6096.0,2.3418951075314225,0.00011056644459257903,2.9038370177211582e-05,6.549577049173098e-06,1.801504411498331e-06,0.0,0.0
6107.0,2.329213184025873,7.867818759917214e-05,2.2931809004661714e-05,5.486671589396396e-06,1.7636529614348753e-06,0.0,0.0
6118.0,2.321332373623276,0.00010528530845839092,2.6978021394076948e-05,5.954279615340252e-06,2.013591554215116e-06,0.0,0.0
6129.0,2.3211803070722947,6.077968272247993e-05,2.1386711255802642e-05,5.9293973939030656e-06,1.7589322741530688e-06,0.0,0.0
6140.0,2.3121020527119636,8.523825469147842e-05,2.4512560859228043e-05,7.330606980600077e-06,1.8765459954996618e-06,0.0,0.0
6151.0,2.3138434553959963,5.89658104183329e-05,2.0485981996295692e-05,6.274347532760883e-06,2.043566168800059e-06,0.0,0.0
6162.0,2.304296907286243,0.00019679628902998772,3.8670606271517026e-05,1.685927607475124e-05,3.764931881611174e-06,0.0,0.0
6173.0,2.3024628581140285,0.0006128306121869243,3.85548124916087e-05,2.055191256934868e-05,1.0790007888323114e-05,-0.0,0.0
6184.0,2.2877860499463063,0.00047830630188786617,4.760051696249304e-05,-8.015588836017742e-06,6.561823965138382e-06,-0.0,0.0
6195.0,2.259478526441596,0.0004549706658333797,4.6551403090701505e-05,4.031253726375166e-06,6.237469177616407e-06,-0.0,0.0
6206.0,2.2452997920825064,0.0004323515409127736,4.561038730443262e-05,-1.3152953320733327e-06,6.226091424809737e-06,-0.0,0.0
6217.0,2.2251898503561423,0.0004566700738929809,4.967740886257232e-05,-1.5060571589706371e-05,6.714063267657164e-06,-0.0,0.0
6228.0,2.2079053124827905,0.00043441656994770445,4.9511018395023854e-05,-6.20044279864535e-06,6.858159252033363e-06,-0.0,0.0
6239.0,2.180046921934389,0.00042612473668155555,4.5389529221226726e-05,-1.123950392204032e-05,5.0499081459098505e-06,-0.0,0.0
6250.0,2.1665882567818384,0.0004069997921646693,4.5775003912703096e-05,-6.55541230863695e-06,6.131813392878371e-06,-0.0,0.0
6261.0,2.1478257099857556,0.0004011216552500174,4.8112102730438166e-05,-1.3685130102735172e-06,4.6176287944177165e-06,-0.0,0.0
6272.0,2.130817276279896,0.0003987829265737412,4.453859836296065e-05,-3.115646975264697e-06,4.676188042833716e-06,-0.0,0.0
6283.0,2.10395474358046,0.0004044365702586395,5.2566719030041295e-05,-1.6237422807566326e-06,6.095142347650715e-06,-0.0,0.0
6294.0,2.0910413452625747,0.0003792477158728798,4.6315092006518296e-05,-8.362375780085557e-06,5.205658476138179e-06,-0.0,0.0
6305.0,2.067719679907203,0.0006793608007209615,5.096639887993433e-05,1.1085646213080034e-05,5.8970974568596045e-06,-0.0,0.0
6316.0,2.0511064980557006,0.0002352371733940877,4.211670620183013e-05,7.118072066698538e-06,3.0135498424329878e-06,0.0,0.0
6327.0,2.0416893128736193,0.00014833267476470187,3.1147396202693414e-05,5.632970571137186e-06,1.8080514312900423e-06,0.0,0.0
6338.0,2.0379020867109015,0.00011486373739180479,3.228776085908671e-05,6.480275906623016e-06,2.212142834890882e-06,0.0,0.0
6349.0,2.0299591867328712,0.0001335062177794139,3.3044759222143484e-05,9.90432853478931e-06,2.462116856529516e-06,0.0,0.0
6360.0,2.028198998042303,0.00010442470559595536,2.6248088495236e-05,1.6167358498122646e-06,5.575676619442522e-07,0.0,0.0
6371.0,2.0196793590242077,0.00011521127676423804,3.379943278567825e-05,4.7022819313714295e-06,1.4064970899901937e-06,0.0,0.0
6382.0,2.019274237988997,8.725589521628099e-05,2.9123705238297697e-05,3.658810810045443e-06,1.0855530481997987e-06,0.0,0.0
6393.0,2.0108124335187574,9.256428408581271e-05,2.748226210348388e-05,6.201824722420397e-06,1.8278077173734374e-06,0.0,0.0
6404.0,2.011137461101988,6.846115961011166e-05,2.165817436803206e-05,2.0510114387284747e-06,7.880730340712461e-07,0.0,0.0
6415.0,2.0033363332399534,7.459857178580621e-05,2.793393236670488e-05,2.4607444900556368e-06,9.336691406489634e-07,0.0,0.0
6426.0,2.003772013714842,5.109594287325082e-05,2.206521678776855e-05,5.478889181124605e-06,1.761272799218737e-06,0.0,0.0
6437.0,1.9969809896932935,5.3307862634513635e-05,2.0466687651780292e-05,7.715096404089643e-06,2.1117739218472273e-06,0.0,0.0
6448.0,1.99730365332376,0.0003261634994807561,5.0568480232164386e-05,2.0196050675944883e-05,5.216124779798909e-06,0.0,0.0
6459.0,1.9878501780983666,0.0007472517503507102,5.126032172472126e-05,-3.328214142446512e-06,8.64849050905774e-06,-0.0,0.0
6470.0,1.960063288389413,0.0008180986867850829,5.696262956124446e-05,-2.7796360054942015e-06,1.1073121216805708e-05,-0.0,0.0
6481.0,1.9450981752677985,0.000727720965360689,5.5459859332145866e-05,-1.3019145073438688e-05,1.2175537246679156e-05,-0.0,0.0
6492.0,1.9107623679685741,0.0006771254055643522,5.4478691716180193e-05,4.721038145760487e-06,9.504301026681678e-06,-0.0,0.0
6503.0,1.8972912948095413,0.0006689956533076327,6.0122424181526924e-05,-1.763015738953077e-05,9.707797169334123e-06,-0.0,0.0
6514.0,1.8711569225491502,0.0007660018229740604,5.687216462431586e-05,-3.228719815130693e-06,5.496968895965136e-06,-0.0,0.0
6525.0,1.85699538462268,0.0006773020379490554,6.379374256291016e-05,-5.3409350128975436e-06,7.902697266430653e-06,-0.0,0.0
6536.0,1.8286657559093302,0.0007450261859592623,5.8413730985726056e-05,-9.704931621018632e-07,8.516066434389095e-06,-0.0,0.0
6547.0,1.8085741488228981,0.0006482512088963155,5.922227652151123e-05,-1.0099283625935276e-05,9.324947712334193e-06,-0.0,0.0
6558.0,1.7845841530831785,0.0006653909874096457,5.8455234919514257e-05,3.913337703242938e-06,6.612949086407073e-06,-0.0,0.0
6569.0,1.7704864859661122,0.0006100442279205301,6.184420075974071e-05,-5.33438184287941e-06,5.793762118132419e-06,-0.0,0.0
6580.0,1.7427755817362016,0.0008508092776483228,6.264259179755438e-05,2.3962406553921235e-06,8.258459576490084e-06,-0.0,0.0
6591.0,1.7320470994623614,0.0004626827356180781,5.593418853971686e-05,1.3571011645890016e-05,8.15049332274833e-06,0.0,0.0
6602.0,1.7192224347531493,0.0002395156323133146,5.190018444183956e-05,3.869627751022342e-06,3.2063625203736655e-06,0.0,0.0
6613.0,1.713323824888757,0.00019436484833645725,4.139273956430095e-05,6.354348150685238e-06,2.043741911446586e-06,0.0,0.0
6624.0,1.703522562345326,0.00019902482197701918,4.362880495240906e-05,6.5314713345058596e-06,2.4948413867712784e-06,0.0,0.0
6635.0,1.6981492137914604,0.00015147761603193828,4.022311703375813e-05,1.4458588755053822e-05,3.5920079058295445e-06,0.0,0.0
6646.0,1.689585411223277,0.0001565615542313434,3.585969268583706e-05,5.843112850628502e-06,1.4233330892277568e-06,0.0,0.0
6657.0,1.6846039540926336,0.0001115084538029329,3.108826476302084e-05,7.634731181905927e-06,2.641187922914833e-06,0.0,0.0
6668.0,1.6772727718029377,0.00011402857511144493,3.239250902782695e-05,3.0110433558227946e-06,1.277699206652682e-06,0.0,0.0
6679.0,1.6727193352925198,7.8452425018328e-05,2.8064638583774968e-05,1.6400704538702618e-06,9.025506545140545e-07,0.0,0.0
6690.0,1.6664958173180469,7.777177199493598e-05,3.0697448688204254e-05,3.1928538641181686e-06,1.2713383324331656e-06,0.0,0.0
6701.0,1.6624524337967075,4.946045280522925e-05,2.335511901485852e-05,3.5196527919667567e-06,1.3118680866798023e-06,0.0,0.0
6712.0,1.657433518120014,0.00019697907318906016,5.026721314577937e-05,8.046093548794522e-06,2.7536359495010175e-06,0.0,0.0
6723.0,1.6458191750425972,0.00105534774313706,5.753173087008771e-05,5.891232042058762e-06,8.491876091035174e-06,-0.0,0.0
6734.0,1.6200315424614118,0.0010539480979358988,6.065907066676304e-05,-4.543306997827424e-07,7.8285663844815e-06,-0.0,0.0
6745.0,1.6068744618851352,0.0009737858109560769,7.366540590498121e-05,3.6540687427025907e-06,1.092838705853631e-05,-0.0,0.0
6756.0,1.5743313558172944,0.0010816133293067823,6.27682658357162e-05,3.1032536705451837e-06,9.487702091252248e-06,-0.0,0.0
6767.0,1.5636307421925728,0.0009768910247881847,6.75924749399687e-05,-2.4853493665555955e-05,8.44544232674396e-06,-0.0,0.0
6778.0,1.5320545492375863,0.0009097038344941008,6.183116739791476e-05,-1.7658705441325e-05,9.361424059492198e-06,-0.0,0.0
6789.0,1.5180564889684938,0.0008795788769950543,7.099967870516924e-05,1.9357368248258328e-05,8.22166109824591e-06,-0.0,0.0
6800.0,1.4902063214794596,0.0010279094187469438,7.077965230302784e-05,3.2346464523805663e-05,1.0942615685890982e-05,-0.0,0.0
6811.0,1.477831460468134,0.0008966467839483017,7.606041894924438e-05,1.4650632756073595e-05,6.698407592957973e-06,-0.0,0.0
6822.0,1.451916379234972,0.0009230009041178324,6.6375499774663e-05,1.5242333840754538e-06,4.448579040953608e-06,-0.0,0.0
6833.0,1.4326619937095275,0.0013335030447883208,6.313887738005997e-05,9.095212514798092e-06,1.5396885725703555e-05,-0.0,0.0
6844.0,1.413463969236171,0.00016926717691202514,4.710739262616851e-05,5.409315077532372e-06,2.7280822926079637e-06,0.0,0.0
6855.0,1.4095326594055926,6.970815192877626e-05,3.2015534437106296e-05,1.2516260839715172e-06,5.631373337669781e-07,0.0,0.0
6866.0,1.403899279454233,8.467418712160206e-05,3.1182049690751975e-05,2.002560165057437e-06,7.861161898307709e-07,0.0,0.0
6877.0,1.4018110615199395,3.8572972971854265e-05,2.3376120780912728e-05,1.0378023809825008e-06,5.001427723486701e-07,0.0,0.0
6888.0,1.3971647757483,5.007907896489414e-05,2.1973213033139843e-05,1.5077714991096582e-06,6.932672319610925e-07,0.0,0.0
6899.0,1.3960759029326817,1.629312862386514e-05,1.536188908272662e-05,9.952921709260543e-07,5.449846122412085e-07,0.0,0.0
6910.0,1.3925444081476197,2.1621943682568658e-05,1.8052847737292846e-05,1.5744679585827463e-06,8.171689028430868e-07,0.0,0.0
6921.0,1.3922209155056386,4.035531378616327e-06,7.376209755819788e-06,1.781022296279017e-06,7.806924299668683e-07,0.0,0.0
6932.0,1.389983479435679,4.0206034380007175e-06,7.43105650626957e-06,2.3558585965344573e-08,2.439570873658297e-07,0.0,0.0
6943.0,1.3900519668606268,1.7381392138835477e-08,6.0459312500463755e-06,8.698326979056845e-08,5.278494488169245e-07,-0.0,0.0
6954.0,1.389385481277282,1.8891306414449544e-07,5.423657211144085e-06,-2.1500642841544388e-07,1.436392602643356e-07,-0.0,0.0
6965.0,1.3896212659289384,0.00011854923731337424,3.562099211647785e-05,4.6965836632767685e-07,1.1349805693970732e-06,0.0,0.0
6976.0,1.384105672197323,0.0013772681895557182,7.210068517358636e-05,1.3564496710489972e-05,1.335519736594607e-05,-0.0,0.0
6987.0,1.3504408262788457,0.0013053942186101587,7.204757123719028e-05,-6.7559411353294295e-06,7.289788541836067e-06,-0.0,0.0
6998.0,1.3392037412923448,0.0012965325316516292,8.000387712890847e-05,-7.985319798926441e-06,1.0307897543725115e-05,-0.0,0.0
7009.0,1.3089031040295058,0.0013459431541596916,6.731489386987804e-05,-4.070126231799759e-06,5.950694987186408e-06,-0.0,0.0
7020.0,1.294253678312425,0.0013136880709897552,7.225179862679455e-05,-1.3386668118233958e-06,1.1696759691955959e-05,-0.0,0.0
7031.0,1.2636524132660036,0.0013285724822887574,7.21742634044285e-05,-5.196051577853353e-06,6.925796142651933e-06,-0.0,0.0
7042.0,1.249648621159595,0.001282037228124573,8.817732130783732e-05,1.5091148813127321e-05,8.910132674229067e-06,-0.0,0.0
7053.0,1.2208979076295663,0.0012841134207048105,8.924226347046666e-05,-9.602549048436307e-07,7.6071196300987825e-06,-0.0,0.0
7064.0,1.2054974776927028,0.0012467006817843663,9.528456309840981e-05,1.2872706172586649e-05,1.2953775708851542e-05,-0.0,0.0
7075.0,1.1788878560361877,0.0012862533884629994,9.076726008482818e-05,2.1702922671899045e-05,1.182091565474816e-05,-0.0,0.0
7086.0,1.1630370438619786,0.001203751522288885,9.042786409841425e-05,1.5114849588984774e-05,8.931872592026613e-06,-0.0,0.0
7097.0,1.1358830894761653,0.0011400648121920468,0.00010333066870361794,2.2224775840901932e-06,6.030750985677901e-06,-0.0,0.0
7108.0,1.119772106238863,0.0020277583061038447,5.761673695375874e-05,3.2273675450365874e-05,1.73698668171855e-05,0.0,0.0
7119.0,1.1070784465167387,4.758899296652731e-05,3.073302217381892e-05,6.411838460543249e-07,4.94766974392916e-07,0.0,0.0
7130.0,1.10646624733962,1.604718503376684e-05,1.4780941140985163e-05,-2.9528595659617857e-07,3.649808728080822e-07,0.0,0.0
7141.0,1.1042916006053065,1.0713316892698359e-05,1.5493286003998722e-05,-1.755179422053204e-06,6.04937735819682e-07,0.0,0.0
7152.0,1.1041378099457781,7.0588207502827e-07,6.808534581206864e-06,6.886196398461487e-07,5.430787659398225e-07,0.0,0.0
7163.0,1.1036772084209587,1.8488413447206198e-07,5.5390603214477785e-06,2.2926840155610242e-07,4.525067615051585e-07,0.0,0.0
7174.0,1.087191301434737,2.251198305084508e-06,8.35896281775644e-06,-8.67269877306701e-09,1.4965296773817154e-07,0.0,0.0
7185.0,1.0875258472711962,2.5048925042029712e-05,2.1317554219056735e-05,4.4905116795548625e-08,2.9257160088958255e-07,-0.0,0.0
7196.0,1.091067342804614,8.466901646830892e-06,1.1336323073196084e-05,-3.7320564069737393e-07,3.5999748327807136e-07,-0.0,0.0
7207.0,1.0935129961723389,3.5322226988231906e-05,2.8114902993442592e-05,-9.619900563135023e-08,2.1481240764145678e-07,-0.0,0.0
7218.0,1.1029043254030935,2.166562487637878e-05,2.1485316325005237e-05,-2.2773420755813544e-08,1.0046959384831318e-07,-0.0,0.0
7229.0,1.1078340851032138,4.9503170323197214e-05,3.0496387448232224e-05,-7.100438312742071e-07,3.856907806625654e-07,-0.0,0.0
7240.0,1.1158366654123042,5.357330016873554e-05,3.0056886289366894e-05,-7.911691854092701e-07,5.592250216957848e-07,-0.0,0.0
7251.0,1.12327755426999,7.250402610099154e-05,3.6857414742627045e-05,-1.8773342910312024e-06,9.342978316810517e-07,-0.0,0.0
7262.0,1.1291438963728246,0.0019769648329020072,5.048381036512353e-05,8.618514839033584e-06,8.082072840859438e-06,0.0,0.0
7273.0,1.1103869392085794,0.0018959642159514362,7.485169948987774e-05,4.318534062986834e-06,6.8678905886898246e-06,-0.0,0.0
7284.0,1.093230238993485,0.0019994296870750614,6.87523203935137e-05,5.816512120840841e-06,1.023007168707462e-05,-0.0,0.0
7295.0,1.055919380571006,0.0019858577179923884,7.559920873377947e-05,-7.521696742123588e-06,9.321090566470511e-06,-0.0,0.0
7306.0,1.0405101559673262,0.0020454107518173966,8.35029501369023e-05,2.4695926112155354e-05,1.809683624593697e-05,-0.0,0.0
7317.0,1.0042979479117955,0.002009044052841475,7.736245006559472e-05,1.4064791877547086e-05,1.3653264385105884e-05,-0.0,0.0
7328.0,0.9853048619047707,0.0021706845029585598,8.265529539719355e-05,1.8332522750786777e-05,1.4946021032403486e-05,-0.0,0.0
7339.0,0.950456576965019,0.0021654612941920883,8.482544428922843e-05,-1.6474546563751786e-06,5.124476349340856e-06,-0.0,0.0
7350.0,0.9355243972317107,0.00217964718881721,8.107131888960505e-05,2.01401533378039e-05,1.7483466948421317e-05,-0.0,0.0
7361.0,0.8990945586315824,0.002152445127285971,9.835461490899689e-05,-7.530765386564043e-06,9.169939191513169e-06,-0.0,0.0
7372.0,0.8829760481936187,0.0022841857193637216,9.791477026047621e-05,6.25884778587977e-06,9.80287442359539e-06,-0.0,0.0
7383.0,0.8463847984793472,0.0023455264551480596,0.00010320185621165272,3.3811716723363725e-06,6.466145909586443e-06,-0.0,0.0
7394.0,0.8320717544598198,0.002357207505280049,0.00010594467505629662,9.434858956988292e-06,1.5237948453819165e-05,-0.0,0.0
7405.0,0.7957977361047212,0.0010118004057338742,0.0001350468510387475,-1.1454487084062105e-06,2.5889193793512917e-06,0.0,0.0
7416.0,0.7803859965836167,5.242193964666342e-05,3.2107259387203735e-05,1.642848205789639e-08,1.1157343457600541e-07,-0.0,0.0
7427.0,0.7948722198596434,6.475728783342326e-05,3.925954236407181e-05,-4.300411057550702e-08,2.1816996973127316e-07,-0.0,0.0
7438.0,0.7993911574273621,9.13908496631764e-05,4.78156242566684e-05,2.1578413606859742e-08,2.3257840373478026e-07,-0.0,0.0
7449.0,0.8087089783452334,0.00016186226863855425,5.667189480779789e-05,6.954411429111033e-08,3.154454748650777e-07,-0.0,0.0
7460.0,0.8197036555577835,0.00017161202207596887,6.188067340196884e-05,-1.244307760771958e-06,1.0393920318871499e-06,-0.0,0.0
7471.0,0.8248868453627655,0.0003224954266356448,8.213194943089117e-05,1.2846110019730341e-06,8.442044170680819e-07,-0.0,0.0
7482.0,0.8394038791471993,0.0003415095016702443,7.821619622692293e-05,1.775566974637875e-06,1.8901184067422761e-06,-0.0,0.0
7493.0,0.8436517960760699,0.00048186838738794875,8.156806334205812e-05,-9.92473299569023e-07,1.780669753832959e-06,-0.0,0.0
7504.0,0.8591389868211735,0.0005480737734155386,0.00010555046990428705,7.51000560819978e-07,2.8318300084378548e-06,-0.0,0.0
7515.0,0.8650213652988614,0.0006263535868332801,9.513260207420714e-05,-2.1072116751523836e-07,1.1718938961627373e-06,-0.0,0.0
7526.0,0.8806172826672202,0.0007227629113685162,9.744846482568689e-05,2.144932330544876e-06,3.1863058850303843e-06,-0.0,0.0
7537.0,0.8890748144489725,0.0007596321396239802,0.000104488621055181,1.3505441596105773e-07,2.6091608789543013e-06,-0.0,0.0
7548.0,0.9047511358330537,0.0012737923681908465,0.00010780331084579872,-1.4726956464986112e-06,3.572284898783477e-06,0.0,0.0
7559.0,0.8953019690347432,0.0028068086206323993,9.604622217521435e-06,-2.5411613217866684e-06,5.772111155155502e-06,0.0,0.0
7570.0,0.8613803709503707,0.0028772111975314233,1.248164064012536e-05,-4.1588312877425815e-08,6.443605514335594e-06,0.0,0.0
7581.0,0.8349647195517461,0.0029935393243781696,1.3386351083455489e-05,2.163058283462609e-06,5.434396921807279e-06,0.0,0.0
7592.0,0.8077888107740252,0.003071404383813459,1.4325564880912263e-05,5.102155088550572e-07,6.47756405494375e-06,-0.0,0.0
7603.0,0.7836970831233302,0.00320733252752956,1.502510978518621e-05,2.4553409905787436e-06,8.108641305315002e-06,-0.0,0.0
7614.0,0.74979552766741,0.003316619984442374,2.090187159304267e-05,-2.392365054503849e-06,1.016403208062422e-05,-0.0,0.0
7625.0,0.7238215342225605,0.003449921096314345,1.9897662297518527e-05,-4.42561704295507e-09,1.0819006344430878e-05,-0.0,0.0
7636.0,0.6870571996992717,0.0035744845250839444,1.871600681561877e-05,1.0180279682318388e-07,5.0936354927075125e-06,-0.0,0.0
7647.0,0.6723554155065117,0.003733311695740235,2.7410439899392686e-05,-3.273412075129351e-06,1.0942018943756736e-05,-0.0,0.0
7658.0,0.6385358645606802,0.0038886649531521917,2.3254287183932245e-05,-4.666917532891365e-06,1.3025417607716567e-05,-0.0,0.0
7669.0,0.6131538535431659,0.004061521143222081,2.628599742834018e-05,-2.3773747387343944e-06,9.534491545640134e-06,0.0,0.0
7680.0,0.5776211648150544,0.00420600087850588,3.0508614616081092e-05,1.7559216244878136e-05,2.627779177199942e-05,-0.0,0.0
7691.0,0.5613608687582715,0.0020699642166061892,0.0001910020029604086,-3.564018776188106e-07,3.50453592906699e-06,0.0,0.0
7702.0,0.551205132138674,0.0012979381771025115,0.00019261273018010057,2.6815088880703034e-06,5.238013676896393e-06,-0.0,0.0
7713.0,0.5617584702808084,0.0015223514213534653,0.0001691573164913194,1.4629224886292979e-06,6.4297630911283686e-06,-0.0,0.0
7724.0,0.579848964743441,0.001655271776692705,0.00017662512640446773,1.6409659355589564e-06,3.222491015725024e-06,-0.0,0.0
7735.0,0.5915370521051208,0.0018008807776802947,0.00018070134551385737,-6.653112184519261e-08,2.701503527151988e-06,-0.0,0.0
7746.0,0.6107503791821399,0.0018936914870794777,0.00017869904675411815,8.254518340007777e-07,5.069661950419794e-06,-0.0,0.0
7757.0,0.6251644296363187,0.001956893970229031,0.0001734986289623343,-2.5782442887851384e-06,6.614123459197744e-06,-0.0,0.0
7768.0,0.6418067728358424,0.002076095726573886,0.00017835191829237306,-7.030941260871592e-06,8.004371655353931e-06,-0.0,0.0
7779.0,0.658518071744154,0.002135189614875692,0.00017504221860983155,-5.104287953594652e-06,8.005989574928105e-06,-0.0,0.0
7790.0,0.6820766389857785,0.0021427688985439204,0.00015043093133230152,1.8186330107612462e-06,8.204496675454816e-06,-0.0,0.0
7801.0,0.6980174887764746,0.0021901416732050608,0.0001459291939979099,6.6178603194492616e-06,7.244255610307945e-06,-0.0,0.0
7812.0,0.7233554189798743,0.0022287942155127874,0.00014690521797804687,-4.327038310041215e-06,7.052687258462846e-06,-0.0,0.0
7823.0,0.739181913448484,0.002258831653308784,0.00013007233642660861,-8.886875096276844e-07,4.5680514594965135e-06,-0.0,0.0
7834.0,0.7658583181318106,0.0018548486601093152,0.00014661538746134134,-8.832861951846552e-07,4.6673437766244655e-06,-0.0,0.0
7845.0,0.7758005475496325,0.002739892294855154,0.00010026456056145854,6.292656293744907e-06,9.706863858937274e-06,0.0,0.0
7856.0,0.7493555929113865,0.0030073718529545178,7.823570286311337e-05,-2.5287573404962996e-06,6.461160454463081e-06,0.0,0.0
7867.0,0.7314656392167065,0.0031049017724779577,9.496871093416587e-05,-1.0122987480025393e-06,6.82480550687141e-06,0.0,0.0
7878.0,0.7018972884993733,0.0031978326556624612,9.09236225890886e-05,1.1507980922027141e-05,1.294048052025436e-05,0.0,0.0
7889.0,0.6738710101546117,0.00327436018990617,9.413973272197588e-05,-6.868191848284658e-07,6.756938302501509e-06,0.0,0.0
7900.0,0.640837703148677,0.0034519143680266776,0.0001030146632914295,-3.7076738707081348e-06,1.039078492879595e-05,0.0,0.0
7911.0,0.6226954534755883,0.003561605858393586,0.00011756809447589337,1.325396538483916e-07,6.8271526306948905e-06,0.0,0.0
7922.0,0.5928291566439586,0.0036807838696234856,0.00010424087722992542,1.6598429100458758e-05,1.6714590278571596e-05,0.0,0.0
7933.0,0.5669425002131069,0.0038067540047203776,0.00012515515254201323,-1.8218787199795428e-05,2.1308206936841123e-05,0.0,0.0
7944.0,0.5345241195601003,0.004000965836778275,0.00013753985276146994,-2.980643698086117e-06,8.243508156230643e-06,0.0,0.0
7955.0,0.5161861756826687,0.00412598663636065,0.00015495145411784247,-2.3702022620925916e-05,2.2393644903163075e-05,0.0,0.0
7966.0,0.48570012955463177,0.00423221848411903,0.0001494254024681409,-1.2972198448504802e-05,1.4932689250102729e-05,0.0,0.0
7977.0,0.46276966764757776,0.0008659837768907536,0.0001816339359618161,-1.6484214380272993e-07,2.0162036572241273e-06,-0.0,0.0
7988.0,0.46863522485890535,0.003810161735513229,0.00018471130328789442,-5.9729802688061706e-05,2.4695051665091486e-05,-0.0,0.0
7999.0,0.4874570642057768,0.003772476987674123,0.00019714607702377236,-1.720916286435975e-05,1.936936058010847e-05,-0.0,0.0
8010.0,0.5164018206329956,0.0037642489671244625,0.00016147769646494286,-7.308657991524456e-06,1.4526461502797411e-05,-0.0,0.0
8021.0,0.5352592501605136,0.003643901925500632,0.00017925811505127573,1.6242265178387805e-05,1.4996782553366856e-05,-0.0,0.0
8032.0,0.5658652719285503,0.003568528567827078,0.00014140224202948776,6.2803154117761625e-06,8.518910662550721e-06,-0.0,0.0
8043.0,0.5846320778903562,0.003487092911393551,0.00012388582085208418,9.675629658891917e-06,1.3468894050534307e-05,-0.0,0.0
8054.0,0.6164899704636273,0.003382416938212721,0.0001184715197340717,-1.809838832244585e-05,1.827012625156177e-05,-0.0,0.0
8065.0,0.635313351147285,0.003299313151776353,0.00011458209465459764,-1.0404368973981487e-08,6.864046870425689e-06,-0.0,0.0
8076.0,0.6680043339361142,0.0031974087044576278,0.00011850761522221604,1.7472924793730864e-05,1.3773545286618344e-05,-0.0,0.0
8087.0,0.6870178173871653,0.003131768063854339,0.00011087958535945555,-7.00449162326166e-06,9.02220239213208e-06,-0.0,0.0
8098.0,0.7149865258321092,0.003108586475187091,8.586302037045741e-05,-4.408668300830236e-07,4.264409758381878e-06,-0.0,0.0
8109.0,0.729417349976453,0.0029685869743505395,8.491221897958534e-05,-3.6492165914432123e-07,2.0338687987572044e-05,-0.0,0.0
8120.0,0.7669550138788664,0.00010052646709344084,3.9944679327672554e-05,-4.780776083389983e-07,5.860326191634538e-07,0.0,0.0
8131.0,0.7686308325604982,0.0016850581180959544,0.00014269141489266647,1.218648415759034e-06,3.133334744812385e-06,0.0,0.0
8142.0,0.7430487586011447,0.0016473183871505905,0.00015776186435323555,-4.886763623097913e-06,7.4780576033729775e-06,0.0,0.0
8153.0,0.7224163337696421,0.0015094291421672062,0.00014463308603239382,6.437750411676878e-07,3.532672129739018e-06,0.0,0.0
8164.0,0.7106809862563914,0.0015525309750802488,0.00014296647799345893,-1.2382747783556546e-06,3.525866007262918e-06,0.0,0.0
8175.0,0.6943971508833343,0.0014859604053759183,0.00014964191383479982,2.1564203094032213e-07,2.4807379446320274e-06,0.0,0.0
8186.0,0.6717700013877999,0.0014324969190131597,0.00017925644514573162,9.96965027830522e-07,8.308686303767337e-06,0.0,0.0
8197.0,0.6525878361310781,0.0012169983033770261,0.00017599717708111296,2.5066023256843384e-06,7.325453970867892e-06,0.0,0.0
8208.0,0.6290755260618066,0.0010986422737101096,0.0001438759690346771,-3.029007060467275e-06,4.584642797639172e-06,0.0,0.0
8219.0,0.6289767477401109,0.0011212683296757111,0.00014438991561231253,1.2159869315936613e-06,2.8633328587330568e-06,0.0,0.0
8230.0,0.6110862353799443,0.001043237192963067,0.00015568524722361874,-9.786808185307188e-06,7.876735507943574e-06,0.0,0.0
8241.0,0.5920444288862123,0.000939941130097976,0.00014398507824875544,-6.922470180567661e-06,7.26514419754609e-06,0.0,0.0
8252.0,0.5708311331032573,9.454164591165822e-06,2.3734852923862916e-05,-6.648664291147735e-07,5.003656045242553e-07,0.0,0.0
8263.0,0.5723344900732781,0.004234894000865563,4.1165658863296484e-05,-1.1722030496937409e-05,1.892683154584783e-05,0.0,0.0
8274.0,0.6093614831386819,0.0040374700715218245,4.293624195681881e-05,-8.707781308610689e-06,1.9470773031212083e-05,0.0,0.0
8285.0,0.6256364748757445,0.003807466574298401,4.479805058402651e-05,-2.011522346816051e-05,1.8849850175357952e-05,0.0,0.0
8296.0,0.6649490922497489,0.0037155871605967527,3.918195261915953e-05,-3.877341568329928e-06,1.1124246559207162e-05,0.0,0.0
8307.0,0.6798348555417638,0.003553392831311141,4.3022857510738905e-05,-1.255500319263154e-05,1.72865518675343e-05,0.0,0.0
8318.0,0.7209234732417028,0.003439014096382462,3.815691343756952e-05,-3.8030291914128027e-06,9.858570085637903e-06,0.0,0.0
8329.0,0.73453495579542,0.0032927682421290834,3.7755807258888256e-05,-2.271418880827694e-05,1.7237140770312607e-05,0.0,0.0
8340.0,0.7770935540847886,0.0031969004199339434,3.654865658457499e-05,-1.8200960052918435e-06,8.224686532462508e-06,0.0,0.0
8351.0,0.7899316766458191,0.0030654283496887283,3.3429137864104404e-05,1.2662972759656432e-05,1.2122607957335723e-05,0.0,0.0
8362.0,0.8329300023650569,0.002985425592837858,2.9335101626892427e-05,1.7115983729803997e-07,6.3422330045400325e-06,0.0,0.0
8373.0,0.8460675499737655,0.0028650586577880885,2.8109771179244054e-05,-5.20184151219785e-06,6.929237061447228e-06,0.0,0.0
8384.0,0.888507257922779,0.002801312805429755,2.2704478138937794e-05,-1.0606548267188766e-08,7.529429794576664e-06,0.0,0.0
8395.0,0.9027189950867743,0.00034868405315841055,8.28060969486986e-05,8.133136532414646e-07,1.385877661876141e-06,-0.0,0.0
8406.0,0.9109516881667079,0.0004982322217614708,8.20624843555714e-05,8.665925703000077e-08,7.479858892440477e-07,0.0,0.0
8417.0,0.8961288205596402,0.0004927919674431745,8.571759277619706e-05,-2.6793814152990905e-06,3.3819658949754848e-06,0.0,0.0
8428.0,0.90020638744314,0.00044272151623031114,8.466661716079317e-05,1.884239721038981e-06,1.941136766806375e-06,0.0,0.0
8439.0,0.8867908084533691,0.00038357648597394474,8.761015401448213e-05,9.731043036769709e-07,1.3131643081501106e-06,0.0,0.0
8450.0,0.8753211868730578,0.0003826913650749177,9.097258543189268e-05,2.0580646824955095e-07,8.100480308558828e-07,0.0,0.0
8461.0,0.8595671192156665,0.0002850099750657188,7.924532227817888e-05,1.5371336388072716e-06,1.4086505761285032e-06,0.0,0.0
8472.0,0.8641710317768367,0.00024920123484800134,7.08670329301926e-05,2.0170108182270292e-07,5.945004739756865e-07,0.0,0.0
8483.0,0.8527885024623862,0.00019268868255135986,6.84920662302256e-05,1.990468985591181e-07,3.8034775999793024e-07,0.0,0.0
8494.0,0.8471080047331186,0.00015480780920409712,6.0712234857334e-05,8.188854719219823e-07,7.761176062521953e-07,0.0,0.0
8505.0,0.8336720659480473,0.00011248390399490641,4.891347764305036e-05,5.800506900042997e-09,3.233428166060877e-07,0.0,0.0
8516.0,0.8277047295541741,0.00012233582590670642,5.028231788437573e-05,1.1785309232177953e-06,7.247118086145195e-07,0.0,0.0
8527.0,0.8313332136916461,0.002014648567826879,0.00012134560335491117,5.135358367398083e-07,4.0455115516071385e-06,-0.0,0.0
8538.0,0.8377676132108843,0.0010467239229819344,0.00011196713918844432,4.118785658400201e-06,4.139756582847601e-06,0.0,0.0
8549.0,0.8528962526342386,0.0011054537172098709,0.00011664931228715181,-1.9354179895298844e-07,1.88090777824373e-06,0.0,0.0
8560.0,0.8722939570603098,0.0011222139620628733,0.00012666715146127065,-5.918763340520004e-07,2.2323251396068847e-06,0.0,0.0
8571.0,0.8806061723531619,0.0011933260530388684,0.00011934738646626411,3.1901791524866185e-06,4.598064783768289e-06,0.0,0.0
8582.0,0.9078987754824178,0.0012514802118697114,0.00011571302105550033,-1.817726680072247e-06,4.120739600926999e-06,0.0,0.0
8593.0,0.9277770585539117,0.0012562359721953428,0.00012310187994910086,-5.5675042907574e-07,3.2283737425355367e-06,0.0,0.0
8604.0,0.9397129283040441,0.0012835879475804428,0.00010985317707557817,-6.010629758736984e-06,5.494443286909233e-06,0.0,0.0
8615.0,0.9658068260169577,0.0013553176811115625,0.00011020188739804771,3.845154248332768e-07,3.009652459917139e-06,0.0,0.0
8626.0,0.9726402464764882,0.0014663586387048152,0.00011857069311525306,-2.0294219122115273e-06,5.472912463341575e-06,0.0,0.0
8637.0,1.0016815806786523,0.0013717760333542726,0.00010546467695546263,-1.9032230535108007e-08,4.36630103308294e-06,0.0,0.0
8646.0,1.0204644974179484,0.0013581488251342166,0.00010315801820583444,8.523946256584476e-08,3.3739464889165067e-06,0.0,0.0
