Distance,Lat,Lon,Elevation
35,39.79937342,-119.0112874,1225.881455
46,39.79947107,-119.0113034,1225.796545
57,39.79956873,-119.0113194,1225.711727
68,39.79966636,-119.0113352,1225.628182
79,39.799754,-119.0113,1225.717909
90,39.79983397,-119.0112252,1225.93
101,39.79991395,-119.0111506,1226.088455
112,39.79999559,-119.0110738,1226.197545
123,39.80007814,-119.0109939,1226.367455
134,39.80015949,-119.0109147,1226.537182
145,39.80024083,-119.0108355,1226.714364
156,39.80032219,-119.0107563,1226.893727
167,39.80040354,-119.0106772,1227.069273
178,39.80048311,-119.0105997,1227.229364
189,39.80053018,-119.0105547,1227.308364
200,39.8005947,-119.0104918,1227.425455
211,39.80067353,-119.0104144,1227.567091
222,39.80073837,-119.0103341,1227.748909
233,39.80070178,-119.0102318,1227.988455
244,39.80064502,-119.0101252,1228.151
255,39.80058827,-119.0100185,1228.294
266,39.80053152,-119.0099119,1228.486
277,39.80047477,-119.0098053,1228.888818
288,39.80041801,-119.0096986,1229.239909
299,39.80036125,-119.009592,1229.332091
310,39.8003045,-119.0094854,1229.376455
321,39.80024775,-119.0093787,1229.399455
332,39.800191,-119.0092721,1229.561727
343,39.80013423,-119.0091655,1229.779636
354,39.80007748,-119.0090588,1230.093455
365,39.80002972,-119.0089542,1230.399545
376,39.80008147,-119.0088713,1230.570818
387,39.80016075,-119.0087944,1230.682273
398,39.80024004,-119.0087176,1230.634909
409,39.80031933,-119.0086407,1230.412455
420,39.80039861,-119.0085639,1230.354545
431,39.80047423,-119.0085167,1231.387364
442,39.80053295,-119.0086068,1231.283091
453,39.80058957,-119.0087141,1231.167455
464,39.80064618,-119.0088213,1230.969818
475,39.80070274,-119.0089286,1230.683364
486,39.80075931,-119.0090358,1230.377
497,39.80081592,-119.0091431,1230.031636
508,39.80087253,-119.0092503,1229.681909
519,39.80092915,-119.0093576,1229.579909
530,39.80098576,-119.0094648,1229.370909
541,39.80104237,-119.0095721,1229.134818
552,39.80109894,-119.0096793,1228.930636
563,39.8011555,-119.0097866,1228.773273
574,39.80121283,-119.0098892,1228.774727
585,39.80128992,-119.0098655,1228.566727
596,39.80137566,-119.0097865,1228.433
607,39.80146141,-119.0097074,1228.665364
618,39.80154715,-119.0096283,1229.185091
629,39.80163289,-119.0095492,1228.418636
640,39.80171343,-119.0094678,1228.886182
651,39.80171856,-119.0093524,1229.785273
662,39.80169942,-119.0092261,1230.276636
673,39.80168031,-119.0090998,1230.471364
684,39.80166119,-119.0089735,1230.794273
695,39.80164204,-119.0088472,1231.092091
706,39.80162291,-119.0087208,1231.340455
717,39.80160378,-119.0085946,1231.456545
728,39.80158467,-119.0084682,1231.264091
739,39.80156553,-119.0083419,1231.746727
750,39.80154638,-119.0082156,1232.812273
761,39.80152726,-119.0080893,1233.205182
772,39.80150814,-119.007963,1233.690909
783,39.80148901,-119.0078367,1234.340091
794,39.80146986,-119.0077103,1234.986182
805,39.8014562,-119.0076016,1235.411091
816,39.80149682,-119.0076677,1235.094455
827,39.80155125,-119.0077783,1234.581273
838,39.8016057,-119.0078889,1234.007182
849,39.80166012,-119.0079995,1233.446455
860,39.80171457,-119.0081101,1232.940091
871,39.80176899,-119.0082206,1232.707364
882,39.80182344,-119.0083312,1232.397455
893,39.80187787,-119.0084418,1232.043
904,39.80193231,-119.0085524,1231.829909
915,39.8020124,-119.0086167,1231.735727
926,39.80211386,-119.0086425,1231.755818
937,39.80221533,-119.0086682,1231.829182
948,39.80231679,-119.0086939,1231.882909
959,39.80241827,-119.0087197,1231.833455
970,39.80251972,-119.0087454,1231.846455
981,39.80260763,-119.0087682,1231.907909
992,39.80265699,-119.0087829,1232.016182
1003,39.80275058,-119.0088099,1231.963
1014,39.80279212,-119.0087391,1232.095182
1025,39.8027966,-119.0086079,1232.351455
1036,39.80280109,-119.0084767,1232.639364
1047,39.80280558,-119.0083455,1232.941818
1058,39.80281006,-119.0082143,1233.268091
1069,39.80281456,-119.0080832,1233.540455
1080,39.80281905,-119.007952,1233.790455
1091,39.80282353,-119.0078208,1234.113818
1102,39.80282802,-119.0076896,1234.364364
1113,39.80283251,-119.0075584,1234.604909
1124,39.80285964,-119.0074682,1234.819
1135,39.80295152,-119.0074949,1234.840545
1146,39.80304737,-119.0075288,1234.962545
1157,39.8031432,-119.0075627,1234.971091
1168,39.80323905,-119.0075966,1234.942364
1179,39.80333489,-119.0076305,1234.846727
1190,39.80343072,-119.0076645,1234.818455
1201,39.80352657,-119.0076984,1234.839545
1212,39.80362241,-119.0077322,1234.884636
1223,39.80368779,-119.0077114,1234.982182
1234,39.80369412,-119.0075844,1235.240455
1245,39.80369895,-119.0074546,1235.540818
1256,39.80370378,-119.0073249,1235.875364
1267,39.80370861,-119.0071952,1236.150909
1278,39.80371343,-119.0070655,1236.563545
1289,39.80371826,-119.0069357,1237.042545
1300,39.80372309,-119.006806,1237.456455
1311,39.80372792,-119.0066763,1237.592545
1322,39.80373276,-119.0065466,1237.814364
1333,39.80375695,-119.006454,1238.425545
1344,39.80384595,-119.0064856,1237.975909
1355,39.80394012,-119.0065271,1238.083818
1366,39.80403428,-119.0065686,1238.102364
1377,39.80412846,-119.0066101,1238.017909
1388,39.80422262,-119.0066516,1237.895636
1399,39.80431678,-119.0066931,1237.698545
1410,39.80441095,-119.0067346,1237.449273
1421,39.80450512,-119.0067761,1237.231636
1432,39.80459929,-119.0068176,1237.065636
1443,39.80465771,-119.0068092,1236.947727
1454,39.80463472,-119.0066872,1237.218273
1465,39.80460878,-119.0065611,1237.601727
1476,39.80458282,-119.006435,1237.975727
1487,39.80455685,-119.0063088,1238.254
1498,39.80453089,-119.0061827,1238.557
1509,39.80450495,-119.0060565,1238.884182
1520,39.80447898,-119.0059304,1239.252
1531,39.80445302,-119.0058042,1239.698545
1542,39.80442706,-119.0056781,1240.125364
1553,39.8044011,-119.0055519,1240.498455
1564,39.80437515,-119.0054258,1240.786455
1575,39.80434919,-119.0052996,1240.996182
1586,39.80432322,-119.0051735,1241.211364
1597,39.80429727,-119.0050474,1241.441
1608,39.80427132,-119.0049212,1241.700273
1619,39.80424535,-119.0047951,1241.965818
1630,39.80421939,-119.0046689,1242.275545
1641,39.80419517,-119.0045462,1242.655091
1652,39.80423981,-119.0045548,1242.397545
1663,39.80431994,-119.0046314,1242.364091
1674,39.80440008,-119.0047079,1242.400091
1685,39.80448022,-119.0047844,1242.299182
1696,39.80456036,-119.0048609,1242.135091
1707,39.8046405,-119.0049374,1241.826091
1718,39.80472063,-119.005014,1241.414273
1729,39.80480076,-119.0050905,1241.071
1740,39.80488091,-119.005167,1240.839818
1751,39.80496104,-119.0052435,1240.273545
1762,39.80504119,-119.00532,1240.287273
1773,39.80512132,-119.0053965,1240.442727
1784,39.80520145,-119.005473,1240.317364
1795,39.8052816,-119.0055496,1240.076636
1806,39.80536172,-119.0056261,1239.754364
1817,39.80544187,-119.0057026,1239.560545
1828,39.80552199,-119.0057791,1239.384364
1839,39.80559332,-119.0058365,1239.263455
1850,39.80559406,-119.0057399,1239.551818
1861,39.80557951,-119.0056101,1239.910273
1872,39.80556496,-119.0054803,1240.127636
1883,39.80555043,-119.0053505,1240.381727
1894,39.80553589,-119.0052208,1240.760182
1905,39.80552133,-119.005091,1241.028273
1916,39.8055068,-119.0049612,1241.117182
1927,39.80549225,-119.0048314,1241.446182
1938,39.80547769,-119.0047016,1241.727545
1949,39.80546317,-119.0045718,1241.955727
1960,39.80544862,-119.004442,1242.497364
1971,39.80543407,-119.0043122,1243.111636
1982,39.80541954,-119.0041824,1243.660727
1993,39.805405,-119.0040526,1244.05
2004,39.80539045,-119.0039228,1244.601727
2015,39.8053759,-119.003793,1245.306273
2026,39.80536775,-119.0036726,1245.647364
2037,39.80543951,-119.0036703,1245.614091
2048,39.80553521,-119.0037032,1245.536091
2059,39.80563089,-119.0037362,1245.469455
2070,39.80572658,-119.0037691,1245.288364
2081,39.80582227,-119.003802,1245.072364
2092,39.80591796,-119.003835,1245.304545
2103,39.80600079,-119.0038422,1245.497364
2114,39.80602403,-119.0037303,1245.892455
2125,39.80603986,-119.0036036,1246.102091
2136,39.80605568,-119.0034769,1245.719273
2147,39.80607152,-119.0033502,1245.105727
2158,39.80609062,-119.0032259,1244.743727
2169,39.80615724,-119.0031356,1245.579
2180,39.80623917,-119.0030563,1247.584636
2191,39.80633031,-119.0030251,1248.006818
2202,39.80642986,-119.0030377,1248.073727
2213,39.8065294,-119.0030503,1248.167182
2224,39.80662894,-119.0030629,1248.298909
2235,39.80672849,-119.0030755,1248.423182
2246,39.80682803,-119.0030881,1248.422818
2257,39.80692757,-119.0031007,1248.401273
2268,39.80702563,-119.00311,1248.522182
2279,39.80708288,-119.0030295,1248.850455
2290,39.8071222,-119.0029095,1249.291636
2301,39.80716152,-119.0027894,1249.607727
2312,39.80720084,-119.0026694,1249.735182
2323,39.80724017,-119.0025494,1249.748545
2334,39.80727949,-119.0024294,1249.754
2345,39.80731882,-119.0023094,1249.565727
2356,39.80737618,-119.0022561,1249.966727
2367,39.80746362,-119.0023142,1249.935818
2378,39.80755146,-119.0023738,1249.734818
2389,39.80763928,-119.0024334,1249.495909
2400,39.80772711,-119.002493,1249.326182
2411,39.80781495,-119.0025526,1249.303182
2422,39.80790277,-119.0026122,1248.922818
2433,39.80799061,-119.0026718,1247.782909
2444,39.80807846,-119.0027314,1246.981455
2455,39.80816629,-119.002791,1245.934182
2466,39.80825412,-119.0028506,1245.768545
2477,39.80834196,-119.0029102,1246.618182
2488,39.80842979,-119.0029698,1246.330818
2499,39.80847561,-119.0029428,1246.273545
2510,39.80847098,-119.002812,1246.960727
2521,39.8084664,-119.0026811,1247.43
2532,39.80846178,-119.0025503,1248.167
2543,39.80845718,-119.0024194,1249.036636
2554,39.80845256,-119.0022886,1249.610091
2565,39.80844795,-119.0021577,1249.885818
2576,39.80844336,-119.0020269,1249.946727
2587,39.80843874,-119.0018961,1249.884545
2598,39.80843413,-119.0017652,1249.832182
2609,39.80842952,-119.0016344,1249.926636
2620,39.80842551,-119.001504,1250.049727
2631,39.80847835,-119.001419,1250.173182
2642,39.80856831,-119.0013638,1250.393636
2653,39.80865829,-119.0013086,1250.609091
2664,39.80874825,-119.0012534,1250.760364
2675,39.80883823,-119.0011981,1250.855364
2686,39.80892833,-119.0011461,1250.894909
2697,39.80902129,-119.0011655,1250.841909
2708,39.80911544,-119.0012141,1250.724545
2719,39.80920957,-119.0012627,1250.537909
2730,39.80930372,-119.0013113,1250.468455
2741,39.80939786,-119.0013599,1250.433909
2752,39.80949201,-119.0014085,1250.311455
2763,39.80958614,-119.0014571,1250.074545
2774,39.80968028,-119.0015057,1249.345818
2785,39.80977443,-119.0015542,1249.567455
2796,39.80986858,-119.0016029,1249.570545
2807,39.8099627,-119.0016515,1249.401545
2818,39.81005685,-119.0017,1249.478091
2829,39.81011297,-119.0016821,1249.635818
2840,39.81010572,-119.0015533,1249.856636
2851,39.81009762,-119.001423,1250.096818
2862,39.81008952,-119.0012927,1250.255
2873,39.81008142,-119.0011624,1250.368818
2884,39.81007332,-119.0010321,1250.559818
2895,39.81006522,-119.0009018,1250.798182
2906,39.81005712,-119.0007715,1251.026727
2917,39.81004903,-119.0006412,1251.333273
2928,39.81004114,-119.0005111,1251.888
2939,39.81008947,-119.0004247,1251.841818
2950,39.81018109,-119.0003719,1251.949273
2961,39.81027269,-119.0003191,1252.122818
2972,39.81036428,-119.0002663,1252.276273
2983,39.81045591,-119.0002135,1252.315455
2994,39.8105475,-119.0001607,1252.608727
3005,39.81063911,-119.0001079,1252.956727
3016,39.81073071,-119.0000551,1253.222818
3027,39.8108223,-119.0000023,1253.376818
3038,39.81091394,-118.9999495,1253.555364
3049,39.81100552,-118.9998968,1253.817727
3060,39.81109713,-118.999844,1253.734
3071,39.81118986,-118.9998147,1254.687182
3082,39.81128575,-118.9998525,1253.443727
3093,39.81138186,-118.9998944,1252.564455
3104,39.81147795,-118.9999363,1252.407455
3115,39.81157403,-118.9999782,1252.248636
3126,39.81167014,-119.0000201,1252.430364
3137,39.81176624,-119.000062,1252.776909
3148,39.81186233,-119.0001039,1252.648091
3159,39.81195843,-119.0001458,1252.556455
3170,39.81205453,-119.0001877,1252.648091
3181,39.81215063,-119.0002296,1252.057273
3192,39.81220564,-119.0001873,1251.196364
3203,39.81221957,-119.0000608,1251.380818
3214,39.81223351,-118.9999343,1251.536545
3225,39.81224742,-118.9998078,1251.751818
3236,39.81226136,-118.9996813,1251.900636
3247,39.81227283,-118.999578,1251.916364
3258,39.81228118,-118.9994706,1252.104545
3269,39.81228959,-118.9993423,1252.400909
3280,39.81229799,-118.9992139,1252.711182
3291,39.8123064,-118.9990856,1252.925
3302,39.81231481,-118.9989572,1252.958727
3313,39.8122809,-118.998885,1252.841727
3324,39.81218222,-118.9988988,1252.960091
3335,39.81208285,-118.9989135,1253.134818
3346,39.81198342,-118.9989281,1253.382182
3357,39.81188407,-118.9989428,1253.597455
3368,39.81178472,-118.9989575,1253.783545
3379,39.81168536,-118.9989721,1253.854909
3390,39.81158594,-118.9989868,1253.970273
3401,39.81148691,-118.9990004,1254.115455
3412,39.81141385,-118.998938,1253.909091
3423,39.81135635,-118.9988299,1254.197727
3434,39.81129886,-118.9987218,1254.307182
3445,39.81124136,-118.9986137,1254.547091
3456,39.81118386,-118.9985055,1254.828545
3467,39.81112636,-118.9983974,1254.672
3478,39.81106885,-118.9982893,1254.978909
3489,39.81101135,-118.9981812,1255.06
3500,39.81095385,-118.9980731,1254.999818
3511,39.81089635,-118.997965,1255.434273
3522,39.81083884,-118.9978569,1256.138727
3533,39.81078134,-118.9977488,1256.598
3544,39.81072628,-118.997648,1256.545818
3555,39.81072537,-118.9977091,1257.221818
3566,39.81074656,-118.9978364,1257.871273
3577,39.81076776,-118.9979637,1257.400182
3588,39.81078895,-118.998091,1257.546091
3599,39.81081016,-118.9982182,1257.416818
3610,39.81083135,-118.9983455,1257.044091
3621,39.81085255,-118.9984728,1256.969273
3632,39.81087374,-118.9986001,1255.487364
3643,39.81089495,-118.9987273,1254.226364
3654,39.81091614,-118.9988546,1253.978818
3665,39.81093733,-118.9989819,1253.788545
3676,39.81095852,-118.9991092,1253.561091
3687,39.81097973,-118.9992364,1253.266636
3698,39.81100093,-118.9993637,1253.077818
3709,39.81102146,-118.9994898,1253.990455
3720,39.81097816,-118.9994974,1254.384091
3731,39.81089318,-118.9994277,1253.098636
3742,39.81080816,-118.999358,1252.807364
3753,39.81072315,-118.9992883,1252.726455
3764,39.81063817,-118.9992185,1252.762909
3775,39.81055321,-118.9991488,1253.105636
3786,39.81046819,-118.9990791,1253.418818
3797,39.81038318,-118.9990094,1253.486636
3808,39.81029818,-118.9989396,1253.339818
3819,39.81021323,-118.99887,1253.448545
3830,39.81012822,-118.9988002,1253.608364
3841,39.8100432,-118.9987305,1253.613727
3852,39.80995819,-118.9986608,1253.599636
3863,39.80987326,-118.9985911,1253.724182
3874,39.80978844,-118.9985218,1254.795091
3885,39.80975826,-118.9985652,1254.591909
3896,39.80977011,-118.9986953,1253.178455
3907,39.80978194,-118.9988254,1252.647091
3918,39.8097938,-118.9989555,1252.449545
3929,39.80980564,-118.9990856,1252.316818
3940,39.80981748,-118.9992157,1252.170909
3951,39.80982934,-118.9993458,1252.093636
3962,39.80984117,-118.9994759,1251.995545
3973,39.80985303,-118.999606,1251.776182
3984,39.80986487,-118.9997361,1251.506273
3995,39.80987671,-118.9998663,1251.861455
4006,39.80988857,-118.9999964,1252.533727
4017,39.8098937,-119.0001139,1252.976455
4028,39.80982481,-119.0000938,1252.916545
4039,39.80973541,-119.0000354,1252.943909
4050,39.80964601,-118.9999771,1252.946091
4061,39.80955661,-118.9999188,1252.959545
4072,39.80946722,-118.9998604,1252.934909
4083,39.8093778,-118.9998021,1253.100545
4094,39.80928841,-118.9997437,1253.602182
4105,39.80919901,-118.9996854,1253.918818
4116,39.80910962,-118.9996271,1253.965273
4127,39.80902021,-118.9995687,1253.537818
4138,39.80893082,-118.9995104,1253.202909
4149,39.80884141,-118.999452,1253.299
4160,39.80879172,-118.9994757,1253.111545
4171,39.80879368,-118.999606,1252.865273
4182,39.80879581,-118.9997366,1252.636727
4193,39.80879795,-118.9998673,1252.414909
4204,39.80880008,-118.999998,1252.403545
4215,39.80880222,-119.0001287,1252.363182
4226,39.80880436,-119.0002594,1252.108455
4237,39.80880648,-119.00039,1251.713364
4248,39.80880863,-119.0005207,1251.526
4259,39.80881076,-119.0006514,1251.443545
4270,39.80881289,-119.0007821,1251.385818
4281,39.80876121,-119.00082,1251.234273
4292,39.80866466,-119.0007805,1251.036636
4303,39.80856813,-119.0007411,1251.234545
4314,39.80847157,-119.0007016,1251.420091
4325,39.80837503,-119.0006622,1251.362545
4336,39.80827849,-119.0006227,1251.36
4347,39.80818195,-119.0005833,1251.410091
4358,39.80808541,-119.0005438,1251.667182
4369,39.80798886,-119.0005044,1251.748
4380,39.80789232,-119.0004649,1251.724
4391,39.80780331,-119.0004395,1251.711727
4402,39.80778219,-119.0005401,1251.521
4413,39.80777691,-119.0006701,1251.330727
4424,39.80777164,-119.0008002,1251.207727
4435,39.80776634,-119.0009302,1251.027818
4446,39.80776105,-119.0010602,1250.796091
4457,39.80775576,-119.0011903,1250.591909
4468,39.80775048,-119.0013203,1250.421182
4479,39.8077452,-119.0014503,1250.230182
4490,39.80772608,-119.0015566,1250.128
4501,39.80763748,-119.0015434,1250.173455
4512,39.80753926,-119.0015136,1250.316455
4523,39.80744105,-119.0014838,1250.670545
4534,39.80734284,-119.0014541,1250.970273
4545,39.80724463,-119.0014243,1251.047727
4556,39.80714642,-119.0013946,1250.924727
4567,39.80704821,-119.0013648,1250.903455
4578,39.80694999,-119.0013351,1250.968091
4589,39.80685672,-119.0013187,1251.022636
4600,39.80680312,-119.0014103,1251.014
4611,39.80675809,-119.001525,1250.934
4622,39.80671305,-119.0016398,1250.864909
4633,39.80666802,-119.0017546,1250.852727
4644,39.80662299,-119.0018694,1251.037455
4655,39.80657794,-119.0019842,1251.098182
4666,39.8065265,-119.0020685,1251.019727
4677,39.80644543,-119.0020118,1250.958273
4688,39.80636066,-119.0019377,1250.776091
4699,39.80627591,-119.0018638,1250.57
4710,39.80619922,-119.0018764,1249.218455
4721,39.80612872,-119.0019554,1247.816455
4732,39.80605822,-119.0020343,1246.821818
4743,39.80598772,-119.0021133,1247.489182
4754,39.80591723,-119.0021923,1249.076273
4765,39.8058542,-119.0022824,1249.479364
4776,39.80580464,-119.0023925,1249.282455
4787,39.80575532,-119.002503,1249.296636
4798,39.805706,-119.0026134,1249.005455
4809,39.80565668,-119.0027239,1248.589
4820,39.80560737,-119.0028343,1247.985273
4831,39.80555806,-119.0029448,1246.959545
4842,39.80549925,-119.0030432,1246.215455
4853,39.80541103,-119.0031043,1245.545273
4864,39.80532076,-119.0031628,1246.054727
4875,39.80523051,-119.0032213,1246.468545
4886,39.80514026,-119.0032797,1245.942727
4897,39.80504998,-119.0033382,1246.422
4908,39.80495974,-119.0033967,1246.329636
4919,39.80486948,-119.0034552,1246.143455
4930,39.80477921,-119.0035137,1245.983182
4941,39.80468897,-119.0035722,1245.723091
4952,39.8045987,-119.0036307,1245.430909
4963,39.80450858,-119.0036892,1245.095091
4974,39.80442001,-119.0037491,1244.860091
4985,39.80433545,-119.0038129,1244.668455
4996,39.80429623,-119.0039238,1243.991636
5007,39.80427059,-119.0040486,1243.305909
5018,39.80424494,-119.0041735,1243.01
5029,39.80420517,-119.0042838,1243.158545
5040,39.80411818,-119.0043456,1243.222727
5051,39.80402743,-119.0044036,1243.179455
5062,39.80393669,-119.0044615,1243.108545
5073,39.80384594,-119.0045195,1242.972818
5084,39.8037552,-119.0045775,1242.948091
5095,39.80366444,-119.0046354,1242.834909
5106,39.80357369,-119.0046934,1242.568455
5117,39.80348294,-119.0047513,1242.651455
5128,39.80339219,-119.0048092,1242.799182
5139,39.80330145,-119.0048672,1242.689545
5150,39.8032107,-119.0049251,1242.481273
5161,39.80311996,-119.0049831,1242.285909
5172,39.8030292,-119.005041,1242.130182
5183,39.80293845,-119.005099,1241.994727
5194,39.80284882,-119.0051515,1241.740727
5205,39.80277532,-119.0051263,1241.343
5216,39.802707,-119.0050759,1241.416818
5227,39.80263868,-119.0050255,1241.590636
5238,39.80257036,-119.0049752,1241.815273
5249,39.80249209,-119.0049701,1241.945455
5260,39.80240086,-119.0050239,1241.932545
5271,39.80230957,-119.005078,1241.807545
5282,39.8022183,-119.005132,1241.695
5293,39.80212702,-119.005186,1241.570091
5304,39.80203575,-119.0052401,1241.405636
5315,39.80194446,-119.0052941,1241.393727
5326,39.80185318,-119.0053481,1241.432636
5337,39.8017619,-119.0054021,1241.546091
5348,39.80167064,-119.0054562,1241.729636
5359,39.80157936,-119.0055102,1241.843545
5370,39.80148808,-119.0055642,1241.775545
5381,39.8013968,-119.0056183,1241.332455
5392,39.80130552,-119.0056723,1241.412636
5403,39.80121425,-119.0057263,1241.340455
5414,39.80112297,-119.0057804,1241.005818
5425,39.80103169,-119.0058344,1240.674636
5436,39.80094041,-119.0058884,1240.459818
5447,39.80084913,-119.0059424,1240.165455
5458,39.80075786,-119.0059965,1240.028273
5469,39.80066659,-119.0060505,1239.828818
5480,39.80057531,-119.0061045,1239.731727
5491,39.80048402,-119.0061586,1239.729364
5502,39.80039602,-119.0062107,1239.633909
5513,39.80034256,-119.0062427,1239.549
5524,39.80026353,-119.0062818,1239.451818
5535,39.80016998,-119.0063261,1239.520364
5546,39.80007644,-119.0063704,1239.529636
5557,39.79998289,-119.0064147,1239.412636
5568,39.79988933,-119.006459,1239.347727
5579,39.79979579,-119.0065033,1239.330636
5590,39.79970224,-119.0065476,1239.307364
5601,39.79961065,-119.0065771,1239.604818
5612,39.79953204,-119.0065094,1240.060091
5623,39.79945577,-119.006424,1240.501455
5634,39.7993795,-119.0063385,1241.041545
5645,39.79930322,-119.0062531,1241.644545
5656,39.79922696,-119.0061677,1242.285455
5667,39.79915069,-119.0060822,1243.092
5678,39.79913352,-119.0060231,1243.474
5689,39.7992309,-119.0060152,1243.028182
5700,39.79933119,-119.0060085,1242.632818
5711,39.79943149,-119.0060018,1242.338364
5722,39.79953178,-119.0059951,1242.063727
5733,39.79963208,-119.0059885,1241.791091
5744,39.79973237,-119.0059818,1241.633455
5755,39.79983266,-119.0059751,1241.317818
5766,39.79993295,-119.0059685,1241.084818
5777,39.80003325,-119.0059618,1240.996727
5788,39.80013355,-119.0059551,1240.854727
5799,39.80023385,-119.0059484,1240.747818
5810,39.80033415,-119.0059418,1240.677455
5821,39.80043444,-119.0059351,1240.584818
5832,39.8005205,-119.0059059,1240.598636
5843,39.80055065,-119.0057885,1241.035182
5854,39.80057518,-119.0056622,1241.530636
5865,39.8005997,-119.0055358,1242.026545
5876,39.80062423,-119.0054095,1242.542091
5887,39.80064876,-119.0052832,1243.123
5898,39.80067328,-119.0051568,1243.808909
5909,39.80069781,-119.0050305,1244.625091
5920,39.80072233,-119.0049042,1245.191273
5931,39.80074798,-119.0047808,1245.857
5942,39.8008177,-119.0047698,1245.554364
5953,39.80091015,-119.004817,1245.199182
5964,39.80100261,-119.0048641,1244.864727
5975,39.80109505,-119.0049113,1244.608727
5986,39.8011875,-119.0049584,1244.141091
5997,39.80127994,-119.0050056,1243.666182
6008,39.8013724,-119.0050527,1243.264364
6019,39.80146484,-119.0050999,1243.017636
6030,39.80155729,-119.005147,1242.684091
6041,39.8016491,-119.0051931,1242.365909
6052,39.80167851,-119.0051324,1242.478273
6063,39.80166719,-119.005002,1242.891273
6074,39.80165588,-119.0048716,1243.324545
6085,39.80164456,-119.0047412,1243.844
6096,39.80163323,-119.0046108,1244.395727
6107,39.80162192,-119.0044804,1244.925091
6118,39.8016106,-119.00435,1245.401
6129,39.80159928,-119.0042197,1245.842727
6140,39.80158796,-119.0040893,1246.306545
6151,39.80157664,-119.0039589,1247.224909
6162,39.80156531,-119.0038285,1248.188
6173,39.80157127,-119.0037315,1248.639182
6184,39.8016512,-119.0037775,1248.014182
6195,39.80173939,-119.0038395,1247.390455
6206,39.80182753,-119.0039014,1247.038545
6217,39.80191572,-119.0039633,1246.688727
6228,39.80200387,-119.0040253,1246.266636
6239,39.80209205,-119.0040872,1245.956364
6250,39.8021802,-119.0041492,1245.584909
6261,39.80226838,-119.0042111,1245.128273
6272,39.80235652,-119.004273,1244.702636
6283,39.80244471,-119.004335,1244.294545
6294,39.80253285,-119.0043969,1243.782455
6305,39.80262104,-119.0044589,1243.283273
6316,39.80269436,-119.0044925,1243.429273
6327,39.80269315,-119.0043839,1243.830636
6338,39.80268165,-119.0042556,1244.306909
6349,39.80267014,-119.0041273,1244.782455
6360,39.80265863,-119.0039991,1245.252909
6371,39.80264712,-119.0038708,1245.720273
6382,39.80263561,-119.0037425,1246.179091
6393,39.80262411,-119.0036143,1246.662273
6404,39.80261258,-119.003486,1247.168364
6415,39.80260109,-119.0033577,1247.589091
6426,39.80258957,-119.0032294,1248.016455
6437,39.80257806,-119.0031012,1248.610727
6448,39.80256654,-119.0029729,1249.308636
6459,39.8025824,-119.0028931,1249.597909
6470,39.80267047,-119.0029417,1249.338727
6481,39.80276239,-119.002997,1249.011909
6492,39.80285432,-119.0030524,1248.540636
6503,39.80294623,-119.0031077,1248.067455
6514,39.80303816,-119.003163,1247.713364
6525,39.80313007,-119.0032184,1247.245636
6536,39.803222,-119.0032737,1246.873091
6547,39.80331392,-119.0033291,1246.666273
6558,39.80340584,-119.0033844,1246.220636
6569,39.80349777,-119.0034398,1246.130182
6580,39.80358967,-119.003495,1246.121545
6591,39.80367293,-119.0035331,1245.954818
6602,39.80368658,-119.0034324,1246.207455
6613,39.80368522,-119.0033016,1246.519818
6624,39.80368384,-119.0031709,1246.983909
6635,39.80368247,-119.0030402,1247.619909
6646,39.8036811,-119.0029095,1248.265182
6657,39.80367974,-119.0027787,1248.938182
6668,39.80367836,-119.002648,1249.564909
6679,39.80367698,-119.0025173,1249.858182
6690,39.80367561,-119.0023865,1250.051818
6701,39.80367423,-119.0022558,1250.365727
6712,39.80367287,-119.0021251,1250.749455
6723,39.80368702,-119.0020271,1251.057636
6734,39.80376768,-119.0020693,1250.498727
6745,39.80385575,-119.0021271,1250.231636
6756,39.8039438,-119.0021849,1250.279818
6767,39.80403187,-119.0022427,1250.024818
6778,39.80411992,-119.0023005,1248.882091
6789,39.80420799,-119.0023583,1247.743636
6800,39.80429604,-119.0024161,1248.045273
6811,39.80438412,-119.0024739,1248.682182
6822,39.80447217,-119.0025318,1249.380636
6833,39.80456023,-119.0025896,1249.294273
6844,39.80462627,-119.0026038,1249.285909
6855,39.80462392,-119.0024824,1249.506545
6866,39.80461684,-119.0023517,1249.780545
6877,39.80460977,-119.002221,1250.076818
6888,39.80460269,-119.0020903,1250.371182
6899,39.80459562,-119.0019596,1250.693909
6910,39.80458855,-119.0018289,1251.008909
6921,39.80458146,-119.0016981,1251.312727
6932,39.8045744,-119.0015674,1251.539
6943,39.80456732,-119.0014367,1251.786091
6954,39.80456025,-119.001306,1252.040182
6965,39.80455316,-119.0011753,1252.250545
6976,39.80456764,-119.0010904,1252.277182
6987,39.80464912,-119.0011479,1251.765182
6998,39.80473517,-119.0012153,1251.264909
7009,39.80482122,-119.0012826,1250.928727
7020,39.8049073,-119.00135,1250.624818
7031,39.8049934,-119.0014173,1250.184545
7042,39.80507945,-119.0014846,1250.333636
7053,39.80516549,-119.0015519,1250.492545
7064,39.80525158,-119.0016193,1250.108727
7075,39.80533768,-119.0016866,1249.934
7086,39.80542372,-119.0017539,1250.465909
7097,39.80550977,-119.0018213,1250.675182
7108,39.80559588,-119.0018886,1250.536182
7119,39.80563371,-119.0018575,1250.606545
7130,39.80562336,-119.0017278,1250.798727
7141,39.80561301,-119.0015981,1250.746455
7152,39.80560265,-119.0014685,1250.236545
7163,39.8055923,-119.0013388,1250.641909
7174,39.80558193,-119.0012092,1250.256
7185,39.80557159,-119.0010795,1250.066818
7196,39.80556122,-119.0009499,1250.118909
7207,39.80555087,-119.0008202,1250.336727
7218,39.80554051,-119.0006906,1250.494636
7229,39.80553016,-119.0005609,1250.660636
7240,39.8055198,-119.0004313,1251.023273
7251,39.80550945,-119.0003016,1251.594909
7262,39.80549971,-119.0001732,1252.150727
7273,39.80554988,-119.0001602,1252.128727
7284,39.80563918,-119.0002226,1251.886364
7295,39.80572849,-119.000285,1251.628182
7306,39.80581779,-119.0003474,1251.104182
7317,39.80590709,-119.0004098,1250.878
7328,39.8059964,-119.0004722,1250.889182
7339,39.8060857,-119.0005346,1250.771
7350,39.806175,-119.000597,1250.548727
7361,39.80626431,-119.0006594,1250.964455
7372,39.80635359,-119.0007218,1251.584909
7383,39.8064429,-119.0007842,1251.388
7394,39.8065322,-119.0008466,1251.357182
7405,39.80662087,-119.0009078,1251.437
7416,39.80664828,-119.0008534,1251.498364
7427,39.8066356,-119.0007235,1251.460727
7438,39.80662294,-119.0005936,1251.538818
7449,39.80661032,-119.0004638,1251.728182
7460,39.80659769,-119.0003339,1251.933
7471,39.80658507,-119.000204,1252.269091
7482,39.80657237,-119.0000742,1252.680727
7493,39.80655972,-118.9999443,1253.025
7504,39.8065471,-118.9998144,1253.189636
7515,39.80653447,-118.9996846,1253.408455
7526,39.80652184,-118.9995547,1253.631636
7537,39.80650916,-118.9994248,1253.776545
7548,39.80649672,-118.9992954,1253.872273
7559,39.80654169,-118.9992736,1253.900091
7570,39.80663077,-118.9993348,1253.804182
7581,39.8067199,-118.9993961,1253.658182
7592,39.80680895,-118.9994573,1253.466909
7603,39.80689806,-118.9995185,1253.266273
7614,39.80698718,-118.9995797,1253.123636
7625,39.80707622,-118.9996408,1253.020091
7636,39.80716535,-118.999702,1252.929545
7647,39.80725444,-118.9997633,1252.864818
7658,39.80734351,-118.9998245,1252.707636
7669,39.80743264,-118.9998857,1252.804364
7680,39.8075217,-118.9999469,1252.65
7691,39.8076108,-119.0000081,1252.383455
7702,39.8076522,-118.9999828,1252.424364
7713,39.80763636,-118.9998539,1252.698545
7724,39.80762052,-118.9997248,1252.933818
7735,39.80760468,-118.9995959,1253.059727
7746,39.80758884,-118.9994669,1253.291545
7757,39.80757299,-118.9993378,1253.489636
7768,39.80755716,-118.9992089,1253.708364
7779,39.80754131,-118.9990799,1253.992
7790,39.80752549,-118.9989509,1254.231364
7801,39.80750963,-118.9988219,1254.473727
7812,39.80749379,-118.9986929,1254.727182
7823,39.80747795,-118.9985639,1254.987545
7834,39.8074621,-118.998435,1255.232182
7845,39.80746005,-118.9983328,1255.433273
7856,39.80753381,-118.9983783,1255.315182
7867,39.80761905,-118.9984462,1255.162636
7878,39.8077043,-118.9985141,1255.014909
7889,39.80778954,-118.9985819,1254.891
7900,39.80787479,-118.9986498,1254.751636
7911,39.80796004,-118.9987177,1254.597909
7922,39.80804528,-118.9987856,1254.448273
7933,39.80813053,-118.9988535,1254.318727
7944,39.80821577,-118.9989214,1254.194455
7955,39.80830101,-118.9989893,1254.072091
7966,39.80838626,-118.9990571,1253.951818
7977,39.8084704,-118.9991226,1253.888364
7988,39.80849809,-118.999063,1254.016
7999,39.80849433,-118.9989339,1254.185636
8010,39.80849056,-118.9988047,1254.390909
8021,39.80848681,-118.9986755,1254.601545
8032,39.80848303,-118.9985463,1254.800182
8043,39.80847928,-118.9984172,1254.969182
8054,39.8084755,-118.998288,1255.177182
8065,39.80847177,-118.9981588,1255.411909
8076,39.80846797,-118.9980297,1255.662273
8087,39.80846425,-118.9979005,1255.955727
8098,39.80846043,-118.9977713,1256.211909
8109,39.80845671,-118.9976421,1256.438818
8120,39.80845367,-118.9975145,1256.725455
8131,39.80850832,-118.9975019,1256.775545
8142,39.80859758,-118.9975585,1256.698727
8153,39.80868682,-118.997615,1256.619909
8164,39.80877603,-118.9976716,1256.511182
8175,39.80886524,-118.9977281,1256.474909
8186,39.80895452,-118.9977847,1256.575818
8197,39.80904374,-118.9978412,1256.469636
8208,39.80913295,-118.9978978,1256.434818
8219,39.80922218,-118.9979543,1256.405091
8230,39.80931145,-118.9980109,1256.262909
8241,39.80940066,-118.9980674,1256.353273
8252,39.80948987,-118.998124,1256.175364
8263,39.80955062,-118.9981283,1256.244364
8274,39.80954159,-118.998005,1256.533
8285,39.80952941,-118.9978759,1256.742455
8296,39.80951724,-118.9977468,1256.950727
8307,39.80950506,-118.9976177,1257.220727
8318,39.80949289,-118.9974886,1257.51
8329,39.80948071,-118.9973595,1257.825455
8340,39.80946852,-118.9972304,1258.092909
8351,39.80945635,-118.9971012,1258.301
8362,39.80944418,-118.9969721,1258.546455
8373,39.809432,-118.996843,1258.793182
8384,39.80941983,-118.9967139,1258.968364
8395,39.80940786,-118.9965852,1259.237909
8406,39.80945386,-118.9965605,1259.419818
8417,39.80954446,-118.9966157,1259.621636
8428,39.80963505,-118.996671,1259.706909
8439,39.80972563,-118.9967262,1259.716909
8450,39.80981624,-118.9967815,1259.692273
8461,39.80990683,-118.9968367,1259.609727
8472,39.80999742,-118.996892,1259.476364
8483,39.81008802,-118.9969473,1259.259455
8494,39.81017861,-118.9970025,1259.135455
8505,39.81026921,-118.9970578,1258.906545
8516,39.8103598,-118.997113,1258.786909
8527,39.8104504,-118.9971683,1258.488636
8538,39.8104703,-118.9971482,1258.556273
8549,39.81041279,-118.9970454,1258.967818
8560,39.81035528,-118.9969427,1259.262909
8571,39.81029777,-118.99684,1259.583818
8582,39.81024026,-118.9967373,1259.936182
8593,39.81018274,-118.9966346,1260.280545
8604,39.81012522,-118.9965319,1260.591455
8615,39.81006772,-118.9964292,1260.861273
8626,39.81001021,-118.9963264,1261.096909
8637,39.8099527,-118.9962237,1261.297091
8646.5,39.80990302,-118.996135,1261.452375
